CustomerID,idade,sexo,tempo_como_cliente,frequencia_uso,ligacoes_callcenter,dias_atraso,assinatura,duracao_contrato,total_gasto,meses_ultima_interacao,cancelou
349936.0,23.0,Male,13.0,22.0,2.0,1.0,Standard,Annual,909.58,23.0,0.0
100634.0,49.0,Male,55.0,16.0,3.0,6.0,Premium,Monthly,207.0,29.0,1.0
301263.0,30.0,Male,7.0,1.0,0.0,8.0,Basic,Annual,768.78,7.0,0.0
119358.0,26.0,Male,40.0,5.0,3.0,8.0,Premium,Annual,398.0,12.0,1.0
130955.0,27.0,Female,17.0,30.0,5.0,6.0,Basic,Annual,507.0,15.0,1.0
423992.0,30.0,,,12.0,3.0,7.0,Standard,Quarterly,641.78,7.0,0.0
345190.0,49.0,Male,6.0,7.0,0.0,0.0,Standard,Annual,751.0,11.0,0.0
405747.0,33.0,Male,15.0,18.0,1.0,20.0,Standard,Annual,839.71,25.0,0.0
298708.0,19.0,Female,59.0,19.0,1.0,4.0,Basic,Quarterly,543.93,7.0,0.0
269544.0,27.0,Female,1.0,13.0,0.0,11.0,Premium,Annual,621.67,6.0,0.0
38724.0,47.0,Male,24.0,6.0,0.0,5.0,Premium,Monthly,752.0,28.0,1.0
131874.0,43.0,Male,46.0,20.0,6.0,7.0,Standard,Annual,549.0,19.0,1.0
298643.0,36.0,,9.0,13.0,1.0,8.0,Standard,Quarterly,719.77,22.0,0.0
377201.0,23.0,Male,30.0,22.0,1.0,16.0,Premium,Annual,866.04,11.0,0.0
186008.0,54.0,Female,28.0,19.0,7.0,5.0,Premium,Annual,337.0,26.0,1.0
104534.0,59.0,Female,7.0,7.0,10.0,0.0,Premium,Quarterly,428.0,12.0,1.0
86768.0,50.0,Female,19.0,1.0,6.0,28.0,Premium,Quarterly,299.0,15.0,1.0
283811.0,25.0,,47.0,18.0,2.0,3.0,Basic,Quarterly,707.31,7.0,0.0
155668.0,29.0,Female,,4.0,2.0,8.0,Standard,Annual,904.0,25.0,1.0
153778.0,33.0,Female,51.0,7.0,6.0,7.0,Basic,Annual,562.0,10.0,1.0
376002.0,39.0,Male,15.0,28.0,2.0,13.0,Standard,Annual,886.05,6.0,0.0
368016.0,31.0,Male,29.0,29.0,0.0,15.0,Basic,Quarterly,642.54,8.0,0.0
343630.0,43.0,Male,51.0,28.0,2.0,20.0,Standard,Quarterly,950.18,24.0,0.0
54070.0,34.0,Female,21.0,23.0,5.0,16.0,Premium,Annual,210.0,27.0,1.0
406931.0,34.0,Male,6.0,15.0,0.0,2.0,Basic,Quarterly,524.72,1.0,0.0
355980.0,48.0,Male,59.0,25.0,0.0,18.0,Basic,Quarterly,992.53,11.0,0.0
432799.0,39.0,Male,4.0,29.0,2.0,3.0,Premium,Quarterly,622.88,2.0,0.0
139098.0,33.0,Female,21.0,21.0,10.0,10.0,Standard,Quarterly,850.0,1.0,1.0
188700.0,38.0,Female,39.0,29.0,6.0,5.0,Standard,Quarterly,213.0,27.0,1.0
252919.0,64.0,Male,13.0,28.0,6.0,18.0,Basic,Quarterly,547.9,14.0,1.0
145511.0,56.0,Male,4.0,24.0,8.0,15.0,Standard,Monthly,613.0,26.0,1.0
141076.0,64.0,Female,59.0,9.0,2.0,3.0,Standard,Monthly,145.0,13.0,1.0
252375.0,55.0,Female,18.0,19.0,1.0,23.0,Standard,Annual,145.33,8.0,1.0
192571.0,29.0,Female,14.0,20.0,4.0,19.0,Premium,Quarterly,192.0,12.0,1.0
248924.0,54.0,Male,10.0,22.0,0.0,7.0,Basic,Annual,165.83,25.0,1.0
81874.0,60.0,Female,41.0,3.0,5.0,1.0,Standard,Quarterly,550.0,22.0,1.0
369714.0,50.0,Male,49.0,18.0,2.0,4.0,Standard,Annual,571.1,6.0,0.0
218573.0,55.0,Female,23.0,21.0,3.0,8.0,Basic,Monthly,261.76,24.0,1.0
192993.0,57.0,Female,16.0,5.0,8.0,23.0,Basic,Quarterly,167.0,30.0,1.0
369016.0,31.0,Male,6.0,30.0,1.0,7.0,Standard,Annual,874.94,3.0,0.0
94269.0,54.0,Male,32.0,16.0,5.0,22.0,Premium,Annual,640.0,11.0,1.0
249832.0,35.0,Female,1.0,4.0,2.0,0.0,Basic,Annual,188.28,6.0,1.0
6244.0,44.0,Male,56.0,3.0,1.0,10.0,Basic,Monthly,558.0,15.0,1.0
159808.0,32.0,Male,12.0,6.0,2.0,26.0,Standard,Quarterly,335.0,17.0,1.0
164076.0,34.0,Male,45.0,4.0,2.0,21.0,Basic,Annual,885.0,4.0,1.0
407658.0,22.0,Female,39.0,7.0,0.0,4.0,Basic,Annual,751.63,4.0,0.0
371247.0,29.0,Male,5.0,30.0,1.0,18.0,Standard,Annual,831.27,17.0,0.0
37410.0,35.0,Male,28.0,8.0,10.0,24.0,Premium,Monthly,666.0,8.0,1.0
405274.0,34.0,Female,13.0,16.0,1.0,20.0,Basic,Quarterly,771.31,8.0,0.0
314368.0,50.0,Male,51.0,10.0,3.0,4.0,Premium,Quarterly,685.71,27.0,0.0
356333.0,48.0,Male,49.0,20.0,3.0,19.0,Basic,Annual,638.84,24.0,0.0
260348.0,18.0,Male,30.0,7.0,4.0,3.0,Basic,Annual,783.41,12.0,1.0
187619.0,60.0,Male,35.0,16.0,5.0,14.0,Premium,Quarterly,211.0,5.0,1.0
290799.0,50.0,Male,17.0,19.0,3.0,4.0,Premium,Annual,994.51,24.0,0.0
443286.0,35.0,Female,26.0,24.0,0.0,1.0,Standard,Annual,798.8,12.0,0.0
221045.0,44.0,Female,55.0,6.0,8.0,1.0,Premium,Quarterly,166.92,24.0,1.0
292658.0,30.0,Male,21.0,22.0,1.0,1.0,Basic,Annual,782.54,21.0,0.0
328650.0,49.0,Male,31.0,17.0,4.0,5.0,Standard,Quarterly,547.25,18.0,0.0
176187.0,63.0,Female,31.0,23.0,0.0,24.0,Premium,Quarterly,884.0,12.0,1.0
47464.0,55.0,Female,1.0,3.0,5.0,4.0,Basic,Monthly,256.0,4.0,1.0
179889.0,59.0,Female,10.0,23.0,2.0,21.0,Premium,Quarterly,580.0,29.0,1.0
125880.0,26.0,Male,27.0,22.0,3.0,25.0,Basic,Monthly,205.0,13.0,1.0
77220.0,29.0,Female,33.0,8.0,5.0,1.0,Standard,Annual,127.0,10.0,1.0
280383.0,24.0,Female,53.0,18.0,1.0,11.0,Standard,Quarterly,585.96,13.0,0.0
119678.0,65.0,Female,41.0,14.0,8.0,19.0,Premium,Monthly,431.0,8.0,1.0
332163.0,49.0,Male,28.0,2.0,4.0,9.0,Premium,Quarterly,928.38,18.0,0.0
198364.0,65.0,Male,8.0,14.0,6.0,17.0,Premium,Quarterly,482.0,15.0,1.0
259922.0,49.0,Male,1.0,4.0,0.0,19.0,Standard,Monthly,350.27,22.0,1.0
193308.0,33.0,Male,34.0,16.0,4.0,28.0,Basic,Quarterly,631.0,17.0,1.0
23321.0,28.0,Male,50.0,25.0,0.0,24.0,Premium,Quarterly,337.0,12.0,1.0
35562.0,60.0,Female,50.0,22.0,3.0,4.0,Premium,Annual,601.0,16.0,1.0
305600.0,33.0,Male,25.0,12.0,2.0,5.0,Standard,Annual,770.18,13.0,0.0
198798.0,44.0,Female,30.0,19.0,8.0,29.0,Premium,Monthly,909.0,23.0,1.0
352708.0,47.0,Female,7.0,25.0,1.0,1.0,Premium,Quarterly,602.33,10.0,0.0
349238.0,38.0,Male,28.0,18.0,1.0,2.0,Premium,Quarterly,955.24,1.0,0.0
323985.0,39.0,Male,39.0,1.0,2.0,17.0,Standard,Quarterly,603.78,28.0,0.0
174367.0,23.0,Male,6.0,2.0,9.0,22.0,Premium,Quarterly,457.0,10.0,1.0
241468.0,39.0,Male,43.0,1.0,3.0,4.0,Premium,Quarterly,158.66,16.0,1.0
104998.0,36.0,Male,5.0,18.0,7.0,8.0,Standard,Monthly,873.0,8.0,1.0
352623.0,41.0,Male,59.0,21.0,2.0,11.0,Standard,Annual,528.14,24.0,0.0
283759.0,47.0,Female,28.0,14.0,4.0,2.0,Standard,Annual,904.64,14.0,0.0
195293.0,21.0,Male,8.0,3.0,7.0,23.0,Standard,Monthly,255.0,6.0,1.0
383249.0,25.0,Male,10.0,25.0,0.0,15.0,Premium,Quarterly,812.71,20.0,0.0
412663.0,32.0,Female,6.0,14.0,1.0,16.0,Standard,Annual,989.87,6.0,0.0
372253.0,28.0,Female,45.0,30.0,1.0,19.0,Basic,Quarterly,843.46,14.0,0.0
58344.0,43.0,Female,14.0,11.0,0.0,25.0,Premium,Monthly,725.0,23.0,1.0
141086.0,21.0,Male,13.0,8.0,0.0,6.0,Premium,Monthly,798.0,29.0,1.0
371694.0,40.0,Female,54.0,27.0,1.0,18.0,Basic,Quarterly,935.54,13.0,0.0
1568.0,34.0,Male,29.0,9.0,8.0,15.0,Basic,Annual,905.0,20.0,1.0
294262.0,36.0,Male,40.0,25.0,2.0,15.0,Standard,Annual,518.37,10.0,0.0
349437.0,29.0,Male,14.0,21.0,1.0,13.0,Premium,Quarterly,643.54,11.0,0.0
300890.0,43.0,Female,6.0,27.0,0.0,18.0,Premium,Quarterly,581.69,6.0,0.0
92842.0,55.0,Female,30.0,8.0,3.0,30.0,Basic,Monthly,620.0,26.0,1.0
72172.0,25.0,Male,19.0,8.0,4.0,8.0,Standard,Annual,255.0,26.0,1.0
149636.0,64.0,Male,16.0,26.0,10.0,1.0,Premium,Annual,644.0,3.0,1.0
72975.0,60.0,Female,30.0,8.0,4.0,18.0,Premium,Quarterly,109.0,13.0,1.0
276110.0,40.0,Male,16.0,15.0,1.0,3.0,Standard,Quarterly,554.57,16.0,0.0
258806.0,23.0,Male,60.0,16.0,3.0,19.0,Premium,Quarterly,109.59,23.0,1.0
10369.0,36.0,Female,40.0,29.0,6.0,28.0,Premium,Monthly,325.0,21.0,1.0
16546.0,61.0,Male,54.0,12.0,10.0,11.0,Basic,Monthly,573.0,22.0,1.0
79554.0,33.0,Female,24.0,19.0,6.0,11.0,Basic,Monthly,592.0,13.0,1.0
64529.0,23.0,Female,6.0,26.0,6.0,15.0,Premium,Quarterly,675.0,18.0,1.0
406392.0,48.0,Male,38.0,1.0,1.0,3.0,Basic,Quarterly,945.73,2.0,0.0
386302.0,30.0,Male,32.0,17.0,1.0,18.0,Basic,Annual,645.6,30.0,0.0
260374.0,32.0,Female,22.0,25.0,5.0,23.0,Basic,Monthly,404.86,21.0,1.0
96025.0,55.0,Male,21.0,24.0,10.0,2.0,Basic,Quarterly,504.0,24.0,1.0
176444.0,30.0,Female,29.0,4.0,8.0,21.0,Premium,Quarterly,742.0,17.0,1.0
254801.0,28.0,Female,23.0,4.0,3.0,6.0,Basic,Monthly,259.21,21.0,1.0
26334.0,33.0,Male,32.0,15.0,0.0,1.0,Basic,Annual,395.0,26.0,1.0
289787.0,46.0,Male,15.0,20.0,1.0,10.0,Premium,Quarterly,751.64,3.0,0.0
321078.0,29.0,Female,40.0,16.0,2.0,18.0,Premium,Annual,570.03,12.0,0.0
11733.0,50.0,Female,1.0,6.0,3.0,12.0,Basic,Annual,715.0,26.0,1.0
343479.0,50.0,Female,38.0,23.0,5.0,2.0,Basic,Annual,974.52,7.0,0.0
441287.0,22.0,Male,24.0,29.0,0.0,14.0,Premium,Annual,756.05,29.0,0.0
154708.0,34.0,Female,60.0,2.0,1.0,23.0,Standard,Quarterly,299.0,14.0,1.0
151180.0,40.0,Male,52.0,20.0,5.0,4.0,Standard,Annual,491.0,2.0,1.0
341260.0,40.0,Male,54.0,2.0,1.0,14.0,Premium,Annual,942.63,28.0,0.0
43214.0,38.0,Female,13.0,22.0,8.0,28.0,Premium,Annual,922.0,8.0,1.0
311202.0,39.0,Female,19.0,12.0,2.0,16.0,Standard,Annual,934.26,8.0,0.0
102389.0,23.0,Female,26.0,22.0,6.0,29.0,Standard,Annual,314.0,2.0,1.0
355488.0,33.0,Male,50.0,10.0,3.0,17.0,Standard,Annual,963.2,16.0,0.0
106444.0,38.0,Female,32.0,20.0,6.0,3.0,Basic,Monthly,461.0,30.0,1.0
410915.0,41.0,Female,29.0,25.0,3.0,0.0,Standard,Annual,649.8,10.0,0.0
335379.0,36.0,Female,27.0,27.0,1.0,1.0,Basic,Annual,959.62,1.0,0.0
369645.0,32.0,Male,25.0,8.0,3.0,16.0,Standard,Quarterly,876.66,5.0,0.0
397523.0,30.0,Male,9.0,15.0,1.0,4.0,Basic,Quarterly,963.84,30.0,0.0
216887.0,32.0,Female,26.0,24.0,4.0,5.0,Basic,Monthly,168.3,20.0,1.0
204533.0,33.0,Male,46.0,23.0,2.0,22.0,Standard,Monthly,376.62,17.0,1.0
317365.0,42.0,Male,49.0,10.0,1.0,13.0,Premium,Quarterly,649.81,17.0,0.0
36382.0,43.0,Male,39.0,3.0,6.0,18.0,Basic,Quarterly,984.0,20.0,1.0
298431.0,34.0,Male,55.0,10.0,1.0,17.0,Premium,Annual,501.6,9.0,0.0
381444.0,48.0,Male,38.0,5.0,4.0,5.0,Premium,Annual,741.98,15.0,0.0
430111.0,18.0,Male,32.0,4.0,1.0,2.0,Standard,Annual,895.39,27.0,0.0
368425.0,30.0,Female,34.0,9.0,2.0,3.0,Basic,Annual,921.36,7.0,0.0
247524.0,29.0,Female,47.0,8.0,10.0,0.0,Standard,Quarterly,498.11,5.0,1.0
448364.0,35.0,Male,22.0,22.0,3.0,5.0,Basic,Quarterly,572.11,22.0,0.0
290616.0,18.0,Male,35.0,16.0,0.0,15.0,Premium,Annual,900.28,16.0,0.0
24977.0,33.0,Male,35.0,18.0,6.0,14.0,Premium,Quarterly,552.0,12.0,1.0
134244.0,35.0,Female,57.0,22.0,6.0,28.0,Basic,Monthly,444.0,17.0,1.0
7446.0,25.0,Female,47.0,4.0,3.0,11.0,Basic,Quarterly,822.0,7.0,1.0
38700.0,49.0,Male,20.0,2.0,9.0,29.0,Standard,Quarterly,676.0,23.0,1.0
374758.0,37.0,Male,12.0,15.0,2.0,17.0,Basic,Annual,896.55,14.0,0.0
264874.0,41.0,Male,57.0,30.0,1.0,7.0,Premium,Quarterly,789.32,27.0,0.0
287982.0,22.0,Female,48.0,18.0,2.0,16.0,Premium,Annual,820.32,7.0,0.0
428713.0,39.0,Male,45.0,22.0,3.0,19.0,Basic,Annual,890.52,14.0,0.0
58805.0,22.0,Female,4.0,8.0,1.0,30.0,Premium,Quarterly,746.0,1.0,1.0
285982.0,25.0,Male,50.0,7.0,1.0,19.0,Premium,Quarterly,996.27,5.0,0.0
114817.0,51.0,Female,47.0,13.0,0.0,13.0,Standard,Annual,149.0,17.0,1.0
194018.0,53.0,Male,45.0,20.0,1.0,25.0,Basic,Quarterly,984.0,30.0,1.0
368817.0,30.0,Female,33.0,30.0,3.0,2.0,Basic,Annual,803.17,10.0,0.0
103638.0,57.0,Male,3.0,26.0,5.0,30.0,Premium,Annual,240.0,7.0,1.0
435364.0,33.0,Male,20.0,22.0,3.0,15.0,Basic,Quarterly,595.79,11.0,0.0
295725.0,43.0,Male,35.0,12.0,1.0,1.0,Basic,Annual,606.87,26.0,0.0
98296.0,64.0,Female,14.0,15.0,10.0,8.0,Premium,Monthly,149.0,27.0,1.0
264060.0,47.0,Female,42.0,17.0,1.0,17.0,Standard,Annual,847.19,3.0,0.0
168453.0,54.0,Male,26.0,26.0,1.0,21.0,Standard,Monthly,889.0,28.0,1.0
402454.0,36.0,Male,31.0,26.0,0.0,6.0,Standard,Annual,583.94,24.0,0.0
342218.0,39.0,Female,2.0,17.0,0.0,15.0,Standard,Quarterly,556.91,13.0,0.0
435245.0,44.0,Male,31.0,9.0,3.0,1.0,Premium,Quarterly,606.49,8.0,0.0
180788.0,18.0,Male,44.0,26.0,2.0,23.0,Premium,Quarterly,710.0,3.0,1.0
43471.0,42.0,Male,23.0,10.0,8.0,7.0,Standard,Quarterly,609.0,13.0,1.0
129338.0,39.0,Female,27.0,30.0,5.0,4.0,Basic,Monthly,286.0,4.0,1.0
408002.0,50.0,Male,35.0,16.0,5.0,16.0,Premium,Quarterly,746.13,4.0,0.0
291886.0,40.0,Male,31.0,16.0,2.0,19.0,Standard,Quarterly,656.57,10.0,0.0
415801.0,24.0,Female,30.0,30.0,2.0,3.0,Standard,Annual,769.67,13.0,0.0
120005.0,30.0,Male,24.0,27.0,6.0,24.0,Premium,Quarterly,736.0,12.0,1.0
259769.0,42.0,Male,19.0,6.0,5.0,4.0,Basic,Annual,779.74,6.0,1.0
202489.0,44.0,Male,27.0,7.0,4.0,7.0,Basic,Quarterly,281.0,24.0,1.0
432395.0,39.0,Female,28.0,20.0,1.0,13.0,Standard,Quarterly,780.31,12.0,0.0
245493.0,63.0,Male,48.0,19.0,9.0,16.0,Standard,Quarterly,694.67,28.0,1.0
161950.0,18.0,Female,20.0,19.0,8.0,1.0,Premium,Quarterly,330.0,24.0,1.0
184751.0,40.0,Female,57.0,16.0,9.0,13.0,Standard,Annual,123.0,14.0,1.0
356956.0,50.0,Male,18.0,29.0,4.0,6.0,Standard,Quarterly,795.53,7.0,0.0
29203.0,37.0,Female,41.0,6.0,10.0,13.0,Premium,Quarterly,770.0,2.0,1.0
222158.0,65.0,Male,57.0,30.0,6.0,10.0,Standard,Quarterly,368.41,28.0,1.0
149691.0,40.0,Male,16.0,19.0,4.0,26.0,Premium,Monthly,187.0,9.0,1.0
274834.0,42.0,Female,32.0,6.0,1.0,4.0,Basic,Annual,857.05,8.0,0.0
288581.0,37.0,Female,4.0,2.0,0.0,7.0,Standard,Annual,668.84,12.0,0.0
224950.0,64.0,Female,24.0,17.0,10.0,27.0,Basic,Monthly,799.93,3.0,1.0
112242.0,30.0,Female,26.0,24.0,6.0,27.0,Standard,Quarterly,585.0,17.0,1.0
284022.0,49.0,Male,45.0,29.0,2.0,1.0,Basic,Annual,988.56,5.0,0.0
183809.0,39.0,Male,20.0,30.0,1.0,28.0,Standard,Annual,491.0,26.0,1.0
106872.0,58.0,Male,33.0,4.0,5.0,20.0,Standard,Annual,508.0,8.0,1.0
243629.0,62.0,Female,13.0,23.0,9.0,24.0,Basic,Annual,576.85,24.0,1.0
274931.0,41.0,Male,7.0,10.0,3.0,18.0,Standard,Annual,607.02,16.0,0.0
11586.0,25.0,Female,15.0,27.0,5.0,27.0,Standard,Annual,523.0,13.0,1.0
111077.0,48.0,Male,22.0,27.0,7.0,2.0,Standard,Annual,799.0,23.0,1.0
371933.0,39.0,Male,28.0,21.0,2.0,2.0,Premium,Annual,578.9,29.0,0.0
440405.0,41.0,Male,9.0,18.0,2.0,3.0,Premium,Annual,699.84,3.0,0.0
308774.0,48.0,Female,24.0,25.0,3.0,19.0,Standard,Quarterly,659.81,2.0,0.0
69498.0,47.0,Female,16.0,6.0,3.0,13.0,Standard,Annual,931.0,6.0,1.0
125032.0,37.0,Female,52.0,29.0,10.0,19.0,Standard,Monthly,135.0,2.0,1.0
383641.0,32.0,Female,25.0,19.0,1.0,10.0,Basic,Quarterly,623.63,10.0,0.0
317945.0,41.0,Male,37.0,29.0,2.0,19.0,Basic,Quarterly,996.02,18.0,0.0
173224.0,33.0,Female,14.0,8.0,1.0,6.0,Standard,Monthly,715.0,2.0,1.0
237426.0,26.0,Female,18.0,17.0,5.0,11.0,Basic,Monthly,202.36,11.0,1.0
96617.0,58.0,Male,2.0,6.0,3.0,0.0,Standard,Annual,647.0,29.0,1.0
366270.0,49.0,Female,49.0,30.0,3.0,3.0,Basic,Annual,875.8,15.0,0.0
292741.0,30.0,Male,6.0,15.0,2.0,15.0,Standard,Quarterly,951.94,27.0,0.0
386050.0,32.0,Female,29.0,30.0,0.0,15.0,Premium,Annual,666.71,12.0,0.0
28687.0,19.0,Male,39.0,14.0,1.0,29.0,Standard,Monthly,635.0,10.0,1.0
430694.0,43.0,Male,43.0,28.0,1.0,8.0,Premium,Annual,970.35,28.0,0.0
331412.0,49.0,Male,28.0,14.0,1.0,4.0,Basic,Quarterly,565.18,20.0,0.0
330305.0,20.0,Male,35.0,28.0,0.0,0.0,Basic,Annual,894.54,3.0,0.0
430620.0,42.0,Male,23.0,20.0,1.0,11.0,Premium,Quarterly,638.7,10.0,0.0
168512.0,54.0,Female,56.0,26.0,9.0,9.0,Premium,Annual,979.0,16.0,1.0
256699.0,65.0,Female,48.0,3.0,5.0,3.0,Basic,Quarterly,144.35,4.0,1.0
51864.0,43.0,Female,51.0,24.0,6.0,18.0,Premium,Quarterly,434.0,17.0,1.0
397615.0,36.0,Male,40.0,18.0,3.0,12.0,Premium,Quarterly,644.73,14.0,0.0
266101.0,47.0,Male,20.0,26.0,2.0,9.0,Standard,Quarterly,517.57,16.0,0.0
116546.0,42.0,Female,49.0,18.0,1.0,4.0,Basic,Quarterly,511.0,20.0,1.0
428266.0,27.0,Male,22.0,23.0,1.0,3.0,Standard,Quarterly,518.75,26.0,0.0
360088.0,22.0,Male,29.0,4.0,2.0,15.0,Basic,Annual,664.43,1.0,0.0
163858.0,59.0,Male,20.0,11.0,6.0,28.0,Standard,Quarterly,924.0,27.0,1.0
434566.0,44.0,Male,33.0,24.0,2.0,8.0,Premium,Annual,778.65,25.0,0.0
387628.0,34.0,Female,26.0,19.0,0.0,18.0,Basic,Annual,935.92,5.0,0.0
31432.0,60.0,Male,23.0,9.0,7.0,19.0,Standard,Quarterly,361.0,22.0,1.0
18331.0,55.0,Male,14.0,23.0,4.0,22.0,Basic,Annual,585.0,7.0,1.0
193554.0,46.0,Male,49.0,7.0,10.0,29.0,Premium,Monthly,932.0,17.0,1.0
48827.0,30.0,Female,28.0,4.0,6.0,0.0,Premium,Annual,450.0,30.0,1.0
380838.0,40.0,Male,23.0,10.0,0.0,14.0,Basic,Quarterly,917.8,25.0,0.0
23906.0,31.0,Female,54.0,2.0,8.0,9.0,Premium,Annual,654.0,10.0,1.0
14914.0,55.0,Male,6.0,15.0,9.0,18.0,Premium,Monthly,843.0,24.0,1.0
177156.0,20.0,Male,28.0,13.0,8.0,28.0,Premium,Monthly,821.0,7.0,1.0
106805.0,53.0,Female,41.0,27.0,8.0,20.0,Standard,Monthly,198.0,14.0,1.0
123679.0,29.0,Male,39.0,23.0,0.0,29.0,Basic,Quarterly,131.0,26.0,1.0
158618.0,50.0,Female,49.0,4.0,6.0,12.0,Premium,Annual,132.0,21.0,1.0
105202.0,26.0,Male,22.0,10.0,6.0,12.0,Premium,Quarterly,743.0,15.0,1.0
438095.0,41.0,Male,10.0,13.0,3.0,19.0,Premium,Quarterly,642.17,1.0,0.0
366883.0,22.0,Male,23.0,10.0,1.0,19.0,Basic,Annual,985.58,27.0,0.0
435620.0,32.0,Male,39.0,17.0,3.0,13.0,Premium,Quarterly,728.34,3.0,0.0
427277.0,43.0,Male,55.0,10.0,4.0,18.0,Standard,Quarterly,981.97,30.0,0.0
70232.0,50.0,Male,27.0,7.0,10.0,30.0,Basic,Quarterly,520.0,7.0,1.0
338191.0,50.0,Male,20.0,14.0,4.0,19.0,Standard,Annual,709.92,30.0,0.0
419156.0,18.0,Male,22.0,11.0,0.0,5.0,Standard,Annual,804.93,28.0,0.0
346021.0,26.0,Male,47.0,26.0,2.0,1.0,Standard,Quarterly,981.1,30.0,0.0
339308.0,48.0,Female,36.0,18.0,4.0,0.0,Premium,Annual,720.48,1.0,0.0
200723.0,30.0,Female,2.0,19.0,5.0,25.0,Standard,Quarterly,466.0,5.0,1.0
192853.0,23.0,Female,25.0,17.0,7.0,29.0,Premium,Annual,541.0,25.0,1.0
184455.0,24.0,Female,44.0,21.0,10.0,8.0,Standard,Monthly,395.0,5.0,1.0
351084.0,38.0,Male,57.0,5.0,3.0,0.0,Premium,Annual,530.3,26.0,0.0
204673.0,57.0,Male,59.0,11.0,5.0,28.0,Standard,Monthly,294.97,13.0,1.0
110252.0,61.0,Female,55.0,23.0,2.0,8.0,Premium,Annual,130.0,30.0,1.0
401522.0,37.0,Male,31.0,10.0,0.0,8.0,Standard,Quarterly,938.11,25.0,0.0
4027.0,31.0,Female,50.0,17.0,1.0,7.0,Standard,Quarterly,822.0,23.0,1.0
98133.0,59.0,Female,26.0,15.0,2.0,12.0,Premium,Quarterly,534.0,29.0,1.0
255752.0,31.0,Male,31.0,15.0,0.0,30.0,Standard,Quarterly,634.94,9.0,1.0
373413.0,49.0,Male,21.0,24.0,1.0,7.0,Standard,Annual,901.32,30.0,0.0
436346.0,35.0,Male,3.0,2.0,2.0,13.0,Premium,Annual,836.06,11.0,0.0
291328.0,47.0,Male,10.0,10.0,4.0,9.0,Standard,Quarterly,660.32,21.0,0.0
137308.0,23.0,Female,39.0,18.0,7.0,9.0,Premium,Quarterly,615.0,28.0,1.0
293115.0,48.0,Female,57.0,24.0,4.0,14.0,Standard,Annual,569.91,9.0,0.0
222718.0,41.0,Female,54.0,19.0,4.0,28.0,Premium,Annual,183.37,25.0,1.0
124238.0,36.0,Male,41.0,14.0,9.0,25.0,Premium,Quarterly,574.0,18.0,1.0
234524.0,58.0,Male,34.0,3.0,1.0,22.0,Premium,Monthly,741.5,6.0,1.0
304047.0,40.0,Male,50.0,10.0,3.0,4.0,Premium,Quarterly,804.78,23.0,0.0
61465.0,59.0,Female,10.0,4.0,10.0,18.0,Basic,Annual,114.0,25.0,1.0
208275.0,34.0,Male,52.0,19.0,7.0,25.0,Standard,Annual,377.71,1.0,1.0
46174.0,57.0,Male,50.0,11.0,10.0,20.0,Standard,Quarterly,816.0,1.0,1.0
5308.0,50.0,Male,13.0,19.0,10.0,16.0,Premium,Annual,850.0,29.0,1.0
49717.0,20.0,Male,13.0,5.0,3.0,4.0,Premium,Monthly,603.0,24.0,1.0
349774.0,40.0,Female,27.0,7.0,2.0,9.0,Basic,Quarterly,634.86,3.0,0.0
439340.0,49.0,Male,20.0,11.0,0.0,1.0,Standard,Quarterly,831.75,23.0,0.0
117534.0,65.0,Male,8.0,12.0,0.0,13.0,Basic,Quarterly,159.0,17.0,1.0
411132.0,32.0,Female,33.0,26.0,3.0,14.0,Basic,Quarterly,794.94,9.0,0.0
118724.0,56.0,Female,6.0,4.0,2.0,24.0,Premium,Quarterly,489.0,28.0,1.0
294093.0,31.0,Male,43.0,9.0,2.0,3.0,Standard,Quarterly,613.86,21.0,0.0
323303.0,19.0,Male,1.0,9.0,0.0,12.0,Standard,Quarterly,750.51,8.0,0.0
219247.0,39.0,Male,44.0,4.0,9.0,0.0,Premium,Annual,708.4,15.0,1.0
304449.0,42.0,Male,30.0,12.0,4.0,15.0,Basic,Quarterly,707.83,22.0,0.0
74779.0,26.0,Female,48.0,3.0,2.0,6.0,Premium,Quarterly,117.0,23.0,1.0
403214.0,37.0,Male,43.0,5.0,1.0,6.0,Basic,Quarterly,977.64,27.0,0.0
115503.0,52.0,Male,2.0,3.0,10.0,7.0,Standard,Monthly,937.0,26.0,1.0
278428.0,35.0,Female,39.0,5.0,0.0,5.0,Standard,Quarterly,787.0,3.0,0.0
60677.0,56.0,Female,3.0,3.0,10.0,19.0,Standard,Monthly,100.0,20.0,1.0
356838.0,27.0,Female,11.0,26.0,1.0,9.0,Standard,Quarterly,740.95,1.0,0.0
52569.0,33.0,Female,57.0,16.0,7.0,18.0,Premium,Monthly,392.0,7.0,1.0
210547.0,64.0,Female,19.0,3.0,0.0,18.0,Basic,Monthly,260.39,20.0,1.0
375651.0,27.0,Female,7.0,13.0,2.0,13.0,Standard,Quarterly,859.97,15.0,0.0
394377.0,25.0,Male,6.0,27.0,0.0,20.0,Standard,Annual,517.89,24.0,0.0
114519.0,40.0,Male,27.0,18.0,4.0,14.0,Premium,Monthly,752.0,21.0,1.0
346556.0,36.0,Male,12.0,19.0,1.0,15.0,Premium,Quarterly,785.89,27.0,0.0
159026.0,28.0,Male,27.0,8.0,0.0,21.0,Basic,Quarterly,623.0,18.0,1.0
161689.0,56.0,Female,50.0,3.0,7.0,23.0,Basic,Annual,569.0,15.0,1.0
185974.0,34.0,Female,23.0,24.0,9.0,28.0,Standard,Quarterly,657.0,5.0,1.0
403145.0,23.0,Male,23.0,30.0,0.0,15.0,Premium,Annual,885.77,19.0,0.0
404418.0,39.0,Male,24.0,19.0,3.0,13.0,Standard,Quarterly,922.61,24.0,0.0
95528.0,22.0,Female,52.0,22.0,6.0,23.0,Standard,Quarterly,532.0,25.0,1.0
77071.0,48.0,Male,22.0,10.0,6.0,2.0,Basic,Annual,144.0,7.0,1.0
146051.0,58.0,Female,47.0,12.0,4.0,8.0,Premium,Monthly,698.0,19.0,1.0
90238.0,18.0,Male,8.0,15.0,9.0,30.0,Basic,Monthly,236.0,15.0,1.0
313752.0,39.0,Male,30.0,3.0,0.0,19.0,Premium,Quarterly,942.76,11.0,0.0
259837.0,38.0,Female,18.0,6.0,2.0,30.0,Standard,Monthly,544.06,30.0,1.0
119302.0,32.0,Male,55.0,11.0,2.0,11.0,Basic,Annual,262.0,5.0,1.0
155364.0,36.0,Female,42.0,28.0,4.0,27.0,Premium,Annual,823.0,26.0,1.0
444174.0,46.0,Female,38.0,18.0,0.0,17.0,Basic,Annual,640.7,6.0,0.0
359085.0,43.0,Female,8.0,27.0,4.0,5.0,Premium,Annual,530.4,14.0,0.0
51379.0,19.0,Female,13.0,22.0,0.0,24.0,Standard,Annual,497.0,25.0,1.0
154961.0,62.0,Female,30.0,26.0,1.0,2.0,Basic,Monthly,633.0,5.0,1.0
370011.0,27.0,Male,31.0,6.0,1.0,5.0,Premium,Annual,502.82,13.0,0.0
91096.0,29.0,Male,22.0,23.0,5.0,20.0,Basic,Quarterly,822.0,25.0,1.0
21737.0,35.0,Male,14.0,18.0,2.0,13.0,Premium,Annual,595.0,26.0,0.0
373481.0,48.0,Male,9.0,17.0,3.0,15.0,Premium,Annual,805.25,9.0,0.0
334434.0,47.0,Male,29.0,12.0,4.0,6.0,Premium,Quarterly,724.81,11.0,0.0
422886.0,39.0,Male,55.0,14.0,2.0,8.0,Standard,Annual,544.9,1.0,0.0
87486.0,18.0,Female,35.0,4.0,1.0,8.0,Standard,Quarterly,509.0,27.0,1.0
264819.0,35.0,Male,51.0,24.0,0.0,10.0,Premium,Quarterly,996.81,21.0,0.0
87626.0,42.0,Female,21.0,13.0,8.0,29.0,Premium,Annual,257.0,26.0,1.0
93252.0,30.0,Female,40.0,30.0,2.0,16.0,Premium,Monthly,332.0,22.0,1.0
60296.0,27.0,Male,47.0,19.0,6.0,0.0,Standard,Quarterly,128.0,16.0,1.0
343216.0,50.0,Male,33.0,25.0,4.0,11.0,Premium,Annual,952.48,22.0,0.0
67445.0,48.0,Female,22.0,8.0,0.0,16.0,Basic,Monthly,318.0,16.0,1.0
289554.0,39.0,Male,34.0,28.0,1.0,6.0,Basic,Annual,884.4,23.0,0.0
271669.0,25.0,Female,30.0,9.0,1.0,8.0,Basic,Quarterly,869.01,14.0,0.0
366104.0,46.0,Female,31.0,6.0,4.0,10.0,Basic,Annual,853.41,5.0,0.0
30905.0,18.0,Female,42.0,22.0,4.0,2.0,Standard,Annual,284.0,3.0,1.0
281966.0,45.0,Male,58.0,2.0,2.0,14.0,Premium,Quarterly,829.28,24.0,0.0
149594.0,39.0,Male,55.0,26.0,2.0,12.0,Basic,Monthly,659.0,26.0,1.0
85285.0,56.0,Male,58.0,19.0,1.0,2.0,Standard,Monthly,955.0,11.0,1.0
390388.0,50.0,Male,19.0,10.0,1.0,1.0,Standard,Quarterly,619.61,11.0,0.0
33244.0,52.0,Male,37.0,4.0,9.0,13.0,Premium,Monthly,258.0,18.0,1.0
89599.0,31.0,Male,22.0,29.0,2.0,23.0,Premium,Monthly,748.0,1.0,1.0
392358.0,27.0,Male,59.0,7.0,2.0,5.0,Premium,Annual,895.91,2.0,0.0
227481.0,35.0,Female,27.0,22.0,5.0,29.0,Premium,Quarterly,337.73,4.0,1.0
243305.0,33.0,Male,48.0,28.0,10.0,3.0,Premium,Quarterly,487.49,27.0,1.0
103028.0,37.0,Female,10.0,19.0,1.0,22.0,Premium,Monthly,442.0,2.0,1.0
285043.0,49.0,Female,8.0,29.0,4.0,9.0,Basic,Annual,763.85,8.0,0.0
163636.0,46.0,Female,44.0,4.0,3.0,2.0,Standard,Monthly,583.0,30.0,1.0
128451.0,59.0,Female,38.0,6.0,1.0,0.0,Standard,Monthly,456.0,8.0,1.0
250923.0,43.0,Male,60.0,2.0,4.0,12.0,Premium,Monthly,199.01,11.0,1.0
226629.0,28.0,Male,10.0,8.0,9.0,1.0,Basic,Annual,407.21,3.0,1.0
272763.0,45.0,Male,40.0,7.0,1.0,6.0,Basic,Annual,582.0,12.0,0.0
396496.0,43.0,Male,7.0,17.0,0.0,7.0,Standard,Annual,678.16,1.0,0.0
127457.0,23.0,Female,14.0,1.0,1.0,4.0,Basic,Annual,518.0,13.0,1.0
5951.0,46.0,Female,44.0,2.0,1.0,13.0,Basic,Quarterly,652.0,30.0,1.0
211642.0,25.0,Female,60.0,8.0,8.0,2.0,Premium,Quarterly,476.45,25.0,1.0
192220.0,23.0,Female,17.0,12.0,10.0,9.0,Standard,Quarterly,379.0,24.0,1.0
391223.0,19.0,Female,24.0,23.0,0.0,2.0,Standard,Quarterly,873.82,12.0,0.0
4637.0,36.0,Female,6.0,7.0,6.0,11.0,Standard,Annual,710.0,5.0,1.0
217052.0,18.0,Male,7.0,11.0,1.0,21.0,Standard,Monthly,251.95,26.0,1.0
36751.0,45.0,Female,12.0,3.0,3.0,14.0,Standard,Annual,934.0,8.0,1.0
96923.0,35.0,Female,5.0,1.0,9.0,11.0,Basic,Annual,713.0,5.0,1.0
163735.0,45.0,Female,36.0,8.0,6.0,2.0,Basic,Monthly,206.0,20.0,1.0
377218.0,46.0,Male,48.0,19.0,3.0,10.0,Standard,Quarterly,700.55,17.0,0.0
181939.0,27.0,Male,7.0,26.0,9.0,30.0,Standard,Monthly,171.0,20.0,1.0
116271.0,46.0,Female,24.0,6.0,9.0,5.0,Basic,Quarterly,773.0,8.0,1.0
39431.0,23.0,Male,44.0,3.0,5.0,15.0,Premium,Quarterly,737.0,18.0,1.0
238749.0,44.0,Male,18.0,28.0,7.0,12.0,Standard,Annual,824.52,2.0,1.0
197058.0,48.0,Female,7.0,2.0,8.0,24.0,Premium,Monthly,468.0,29.0,1.0
409447.0,22.0,Male,24.0,15.0,2.0,0.0,Basic,Annual,810.49,7.0,0.0
18791.0,34.0,Male,33.0,15.0,3.0,9.0,Premium,Quarterly,791.0,21.0,0.0
11725.0,42.0,Male,18.0,14.0,5.0,22.0,Premium,Monthly,248.0,26.0,1.0
93985.0,31.0,Male,22.0,29.0,5.0,13.0,Standard,Monthly,256.0,22.0,1.0
290673.0,43.0,Male,57.0,25.0,1.0,4.0,Premium,Quarterly,676.78,19.0,0.0
39762.0,61.0,Male,20.0,9.0,2.0,24.0,Premium,Monthly,654.0,7.0,1.0
385846.0,32.0,Male,48.0,30.0,0.0,7.0,Standard,Annual,870.45,6.0,0.0
25811.0,18.0,Female,49.0,1.0,4.0,18.0,Basic,Monthly,914.0,2.0,1.0
381768.0,50.0,Male,6.0,2.0,3.0,12.0,Standard,Quarterly,719.28,4.0,0.0
308744.0,43.0,Female,34.0,23.0,0.0,4.0,Premium,Quarterly,681.56,5.0,0.0
252555.0,21.0,Male,45.0,4.0,2.0,24.0,Premium,Quarterly,595.6,16.0,1.0
262507.0,47.0,Female,18.0,28.0,1.0,11.0,Basic,Annual,785.43,11.0,0.0
306718.0,44.0,Female,13.0,15.0,3.0,1.0,Standard,Annual,881.27,8.0,0.0
325894.0,50.0,Female,56.0,9.0,2.0,10.0,Basic,Annual,503.5,13.0,0.0
429582.0,27.0,Male,25.0,19.0,1.0,2.0,Basic,Quarterly,590.44,3.0,0.0
53357.0,51.0,Female,9.0,9.0,4.0,13.0,Standard,Quarterly,410.0,8.0,1.0
187283.0,33.0,Male,14.0,14.0,6.0,21.0,Basic,Annual,760.0,23.0,1.0
79248.0,38.0,Female,30.0,24.0,2.0,12.0,Standard,Monthly,752.0,28.0,1.0
147438.0,30.0,Male,47.0,17.0,6.0,17.0,Standard,Monthly,253.0,22.0,1.0
257129.0,38.0,Male,46.0,2.0,6.0,8.0,Standard,Quarterly,218.23,14.0,1.0
187669.0,24.0,Male,37.0,26.0,10.0,5.0,Premium,Quarterly,485.0,27.0,1.0
40112.0,22.0,Male,9.0,4.0,4.0,1.0,Basic,Quarterly,804.0,25.0,1.0
101794.0,35.0,Male,40.0,12.0,8.0,19.0,Standard,Quarterly,764.0,6.0,1.0
339126.0,35.0,Female,6.0,4.0,3.0,3.0,Standard,Annual,944.81,5.0,0.0
298525.0,23.0,Female,9.0,2.0,0.0,2.0,Premium,Quarterly,947.84,12.0,0.0
212824.0,51.0,Female,15.0,10.0,2.0,22.0,Basic,Monthly,600.47,6.0,1.0
100028.0,44.0,Female,17.0,29.0,4.0,7.0,Premium,Monthly,867.0,7.0,1.0
346130.0,33.0,Male,15.0,20.0,3.0,15.0,Basic,Quarterly,554.15,17.0,0.0
413988.0,18.0,Female,53.0,14.0,0.0,19.0,Standard,Quarterly,889.78,2.0,0.0
378447.0,36.0,Female,1.0,13.0,0.0,14.0,Standard,Quarterly,902.37,13.0,0.0
119294.0,48.0,Male,45.0,23.0,4.0,17.0,Standard,Monthly,622.0,21.0,1.0
432749.0,48.0,Male,45.0,28.0,0.0,8.0,Premium,Quarterly,931.5,20.0,0.0
319336.0,44.0,Male,43.0,3.0,4.0,19.0,Premium,Annual,932.41,17.0,0.0
130947.0,39.0,Male,48.0,8.0,2.0,2.0,Standard,Quarterly,491.0,16.0,1.0
167607.0,20.0,Female,59.0,1.0,4.0,19.0,Premium,Monthly,941.0,15.0,1.0
53979.0,57.0,Female,55.0,9.0,1.0,8.0,Premium,Quarterly,430.0,18.0,1.0
326590.0,29.0,Female,27.0,27.0,1.0,17.0,Standard,Annual,614.75,8.0,0.0
388252.0,28.0,Male,32.0,4.0,1.0,19.0,Standard,Annual,831.69,7.0,0.0
337992.0,38.0,Female,41.0,22.0,0.0,7.0,Premium,Quarterly,908.82,15.0,0.0
193159.0,63.0,Male,21.0,26.0,6.0,28.0,Basic,Quarterly,781.0,2.0,1.0
303128.0,46.0,Male,6.0,13.0,4.0,18.0,Basic,Quarterly,885.12,24.0,0.0
314086.0,23.0,Male,12.0,19.0,2.0,5.0,Basic,Annual,981.25,21.0,0.0
29002.0,30.0,Female,30.0,29.0,7.0,21.0,Basic,Annual,912.0,4.0,1.0
366862.0,47.0,Male,12.0,12.0,0.0,15.0,Basic,Annual,979.25,1.0,0.0
17359.0,63.0,Female,57.0,26.0,4.0,10.0,Basic,Annual,308.0,16.0,1.0
346978.0,25.0,Male,51.0,20.0,2.0,20.0,Basic,Annual,899.55,16.0,0.0
31597.0,37.0,Male,53.0,16.0,9.0,9.0,Basic,Annual,554.0,10.0,1.0
4183.0,53.0,Female,59.0,24.0,2.0,21.0,Standard,Quarterly,151.0,7.0,1.0
407734.0,37.0,Male,31.0,5.0,3.0,13.0,Basic,Annual,610.54,6.0,0.0
177718.0,53.0,Female,39.0,24.0,3.0,21.0,Basic,Quarterly,511.0,30.0,1.0
118258.0,64.0,Male,9.0,29.0,10.0,19.0,Standard,Monthly,925.0,28.0,1.0
68697.0,28.0,Male,40.0,29.0,8.0,13.0,Standard,Quarterly,474.0,21.0,1.0
119029.0,32.0,Female,20.0,22.0,6.0,29.0,Basic,Annual,291.0,16.0,1.0
317615.0,32.0,Male,35.0,8.0,0.0,0.0,Premium,Annual,645.33,30.0,0.0
244158.0,28.0,Male,5.0,2.0,5.0,17.0,Standard,Annual,341.85,14.0,1.0
122409.0,40.0,Female,15.0,11.0,1.0,12.0,Basic,Quarterly,238.0,4.0,1.0
276990.0,39.0,Female,42.0,5.0,1.0,3.0,Standard,Annual,829.75,15.0,0.0
371065.0,39.0,Male,60.0,28.0,2.0,10.0,Premium,Quarterly,860.0,19.0,0.0
256176.0,30.0,Female,46.0,14.0,2.0,25.0,Standard,Annual,509.71,17.0,1.0
193343.0,49.0,Female,43.0,21.0,10.0,12.0,Standard,Quarterly,861.0,8.0,1.0
54543.0,52.0,Female,32.0,21.0,10.0,17.0,Premium,Quarterly,793.0,8.0,1.0
87936.0,28.0,Female,20.0,20.0,10.0,10.0,Basic,Quarterly,844.0,26.0,1.0
400247.0,40.0,Female,7.0,20.0,4.0,18.0,Standard,Quarterly,783.37,12.0,0.0
88054.0,45.0,Male,20.0,16.0,1.0,26.0,Standard,Quarterly,127.0,12.0,1.0
69450.0,52.0,Male,31.0,7.0,10.0,14.0,Standard,Quarterly,724.0,20.0,1.0
91318.0,55.0,Female,6.0,4.0,3.0,8.0,Basic,Quarterly,944.0,21.0,1.0
344142.0,48.0,Female,13.0,30.0,0.0,9.0,Standard,Annual,741.32,15.0,0.0
331003.0,40.0,Female,46.0,8.0,2.0,13.0,Standard,Quarterly,904.87,6.0,0.0
371276.0,49.0,Male,8.0,4.0,1.0,11.0,Basic,Annual,712.05,20.0,0.0
323157.0,50.0,Male,54.0,16.0,4.0,8.0,Standard,Quarterly,568.78,5.0,0.0
29160.0,51.0,Male,5.0,26.0,2.0,6.0,Basic,Quarterly,978.0,2.0,1.0
18531.0,60.0,Female,49.0,1.0,5.0,0.0,Premium,Quarterly,552.0,14.0,1.0
33108.0,31.0,Male,25.0,20.0,1.0,22.0,Premium,Monthly,716.0,22.0,1.0
173844.0,52.0,Female,2.0,3.0,9.0,13.0,Standard,Annual,664.0,20.0,1.0
102443.0,22.0,Male,30.0,27.0,2.0,6.0,Premium,Monthly,844.0,16.0,1.0
306985.0,47.0,Female,11.0,30.0,0.0,8.0,Basic,Quarterly,557.86,8.0,0.0
390255.0,38.0,Male,51.0,10.0,1.0,13.0,Standard,Quarterly,759.0,25.0,0.0
224479.0,48.0,Female,36.0,20.0,4.0,23.0,Standard,Quarterly,165.0,15.0,1.0
187427.0,35.0,Female,32.0,15.0,0.0,15.0,Standard,Annual,555.0,17.0,1.0
103325.0,19.0,Female,31.0,12.0,0.0,10.0,Basic,Monthly,222.0,24.0,1.0
146369.0,65.0,Male,54.0,3.0,3.0,9.0,Basic,Annual,783.0,4.0,1.0
335305.0,39.0,Male,7.0,19.0,1.0,0.0,Standard,Annual,838.06,9.0,0.0
443023.0,44.0,Male,14.0,12.0,4.0,16.0,Premium,Quarterly,845.32,7.0,0.0
297780.0,19.0,Male,26.0,2.0,1.0,8.0,Basic,Annual,637.37,22.0,0.0
174253.0,47.0,Female,39.0,7.0,10.0,27.0,Premium,Quarterly,655.0,15.0,1.0
134829.0,55.0,Male,14.0,20.0,5.0,29.0,Basic,Annual,907.0,18.0,1.0
254254.0,57.0,Male,53.0,17.0,8.0,3.0,Standard,Quarterly,897.49,14.0,1.0
10554.0,25.0,Female,41.0,22.0,3.0,28.0,Premium,Monthly,402.0,30.0,1.0
342412.0,37.0,Male,35.0,21.0,1.0,7.0,Premium,Quarterly,719.15,26.0,0.0
193653.0,31.0,Female,45.0,3.0,1.0,18.0,Basic,Annual,778.0,5.0,0.0
309605.0,30.0,Female,40.0,21.0,1.0,20.0,Basic,Annual,738.87,2.0,0.0
416955.0,32.0,Male,52.0,22.0,0.0,18.0,Basic,Quarterly,982.78,30.0,0.0
75448.0,28.0,Female,57.0,19.0,6.0,4.0,Basic,Quarterly,319.0,10.0,1.0
419734.0,42.0,Male,13.0,12.0,4.0,17.0,Standard,Quarterly,570.49,23.0,0.0
143219.0,54.0,Male,18.0,17.0,3.0,24.0,Premium,Monthly,595.0,28.0,1.0
165879.0,30.0,Male,18.0,22.0,10.0,13.0,Premium,Quarterly,737.0,7.0,1.0
86974.0,52.0,Female,8.0,5.0,5.0,17.0,Standard,Quarterly,578.0,29.0,1.0
191670.0,29.0,Female,34.0,1.0,1.0,2.0,Premium,Monthly,761.0,30.0,1.0
99716.0,30.0,Male,2.0,14.0,0.0,12.0,Premium,Monthly,399.0,24.0,1.0
34519.0,57.0,Female,32.0,12.0,0.0,0.0,Basic,Monthly,856.0,18.0,1.0
190566.0,54.0,Male,16.0,24.0,8.0,17.0,Premium,Annual,720.0,29.0,1.0
2856.0,35.0,Male,21.0,11.0,6.0,14.0,Premium,Monthly,392.0,7.0,1.0
232705.0,58.0,Male,50.0,21.0,5.0,30.0,Premium,Monthly,533.78,24.0,1.0
217141.0,33.0,Male,14.0,10.0,9.0,4.0,Basic,Annual,899.43,19.0,1.0
19355.0,45.0,Female,3.0,23.0,6.0,28.0,Basic,Monthly,175.0,30.0,1.0
398009.0,44.0,Male,49.0,5.0,3.0,16.0,Standard,Annual,559.77,7.0,0.0
350607.0,48.0,Male,32.0,24.0,4.0,6.0,Basic,Annual,943.04,28.0,0.0
421046.0,50.0,Female,6.0,14.0,5.0,17.0,Basic,Annual,632.69,10.0,0.0
294819.0,23.0,Male,49.0,26.0,0.0,0.0,Standard,Annual,908.8,1.0,0.0
55332.0,18.0,Female,18.0,24.0,6.0,13.0,Basic,Annual,972.0,30.0,1.0
204000.0,57.0,Male,51.0,2.0,7.0,27.0,Basic,Annual,957.0,21.0,1.0
174568.0,22.0,Female,25.0,15.0,9.0,12.0,Premium,Annual,427.0,9.0,1.0
53583.0,23.0,Male,48.0,22.0,3.0,11.0,Premium,Monthly,490.0,2.0,1.0
386414.0,20.0,Male,11.0,11.0,1.0,13.0,Premium,Annual,841.11,27.0,0.0
313099.0,44.0,Male,33.0,2.0,3.0,3.0,Standard,Quarterly,561.3,28.0,0.0
400628.0,50.0,Male,25.0,9.0,4.0,18.0,Premium,Quarterly,821.95,4.0,0.0
118272.0,30.0,Female,9.0,17.0,6.0,2.0,Basic,Monthly,467.0,21.0,1.0
155563.0,30.0,Male,32.0,30.0,9.0,24.0,Standard,Annual,371.0,21.0,1.0
61538.0,39.0,Male,29.0,6.0,6.0,20.0,Standard,Quarterly,142.0,27.0,1.0
50309.0,54.0,Female,6.0,9.0,0.0,4.0,Standard,Monthly,420.0,7.0,1.0
332189.0,25.0,Male,53.0,28.0,1.0,15.0,Premium,Annual,566.74,16.0,0.0
218679.0,32.0,Female,58.0,16.0,7.0,0.0,Premium,Quarterly,427.34,17.0,1.0
73784.0,59.0,Female,54.0,21.0,3.0,21.0,Premium,Quarterly,344.0,10.0,1.0
332935.0,33.0,Male,52.0,7.0,2.0,15.0,Premium,Annual,732.79,3.0,0.0
171971.0,47.0,Male,22.0,14.0,5.0,22.0,Basic,Annual,500.0,14.0,1.0
137439.0,57.0,Male,21.0,9.0,7.0,19.0,Standard,Monthly,880.0,8.0,1.0
244982.0,41.0,Female,16.0,11.0,6.0,20.0,Standard,Quarterly,337.83,17.0,1.0
430536.0,49.0,Female,15.0,11.0,0.0,2.0,Premium,Annual,707.46,5.0,0.0
94258.0,46.0,Male,36.0,12.0,10.0,11.0,Basic,Monthly,740.0,17.0,1.0
20007.0,45.0,Female,5.0,1.0,7.0,3.0,Standard,Monthly,980.0,27.0,1.0
76040.0,20.0,Male,18.0,15.0,4.0,1.0,Premium,Monthly,260.0,4.0,1.0
249781.0,37.0,Male,16.0,10.0,2.0,20.0,Basic,Annual,390.22,7.0,1.0
112878.0,30.0,Male,52.0,20.0,7.0,19.0,Standard,Annual,108.0,2.0,1.0
266885.0,49.0,Male,18.0,13.0,2.0,6.0,Basic,Quarterly,674.44,20.0,0.0
430106.0,44.0,Male,42.0,21.0,0.0,2.0,Standard,Annual,828.53,7.0,0.0
389781.0,42.0,Female,39.0,19.0,1.0,1.0,Basic,Quarterly,575.57,3.0,0.0
291998.0,35.0,Male,37.0,5.0,3.0,20.0,Basic,Annual,509.34,13.0,0.0
186106.0,18.0,Male,21.0,5.0,7.0,0.0,Premium,Monthly,942.0,2.0,1.0
303828.0,31.0,Male,56.0,1.0,1.0,20.0,Premium,Annual,961.36,24.0,0.0
104994.0,45.0,Female,22.0,18.0,9.0,20.0,Premium,Annual,756.0,1.0,1.0
230604.0,60.0,Female,3.0,16.0,3.0,4.0,Premium,Monthly,965.83,3.0,1.0
223983.0,65.0,Male,22.0,13.0,6.0,2.0,Standard,Annual,570.65,7.0,1.0
129572.0,44.0,Male,45.0,20.0,1.0,27.0,Standard,Quarterly,865.0,6.0,1.0
68965.0,30.0,Female,15.0,17.0,5.0,15.0,Basic,Monthly,225.0,6.0,1.0
366730.0,19.0,Male,21.0,14.0,0.0,15.0,Basic,Annual,856.6,26.0,0.0
136992.0,18.0,Female,55.0,22.0,6.0,16.0,Basic,Annual,780.0,5.0,1.0
246324.0,41.0,Male,16.0,4.0,6.0,13.0,Standard,Quarterly,309.5,22.0,1.0
275277.0,47.0,Male,56.0,21.0,3.0,19.0,Basic,Quarterly,753.06,12.0,0.0
142057.0,49.0,Female,11.0,19.0,1.0,7.0,Basic,Annual,234.0,17.0,1.0
193210.0,65.0,Male,15.0,20.0,5.0,9.0,Premium,Quarterly,423.0,13.0,1.0
437104.0,34.0,Male,39.0,12.0,1.0,8.0,Basic,Quarterly,866.49,7.0,0.0
436250.0,32.0,Female,46.0,19.0,3.0,9.0,Basic,Annual,939.01,2.0,0.0
134346.0,44.0,Male,15.0,28.0,9.0,14.0,Premium,Monthly,273.0,2.0,1.0
443492.0,30.0,Female,43.0,29.0,3.0,19.0,Basic,Annual,516.6,7.0,0.0
77807.0,54.0,Female,50.0,16.0,1.0,8.0,Basic,Monthly,248.0,24.0,1.0
10743.0,30.0,Male,60.0,13.0,3.0,4.0,Premium,Quarterly,189.0,15.0,1.0
152043.0,29.0,Female,2.0,25.0,0.0,12.0,Basic,Monthly,786.0,15.0,1.0
303207.0,29.0,Male,9.0,15.0,1.0,11.0,Basic,Annual,527.45,26.0,0.0
207495.0,57.0,Female,31.0,24.0,8.0,4.0,Basic,Annual,325.27,23.0,1.0
198749.0,38.0,Female,1.0,20.0,2.0,30.0,Premium,Annual,540.0,30.0,1.0
189142.0,29.0,Male,37.0,2.0,9.0,26.0,Standard,Annual,848.0,26.0,1.0
130402.0,58.0,Female,29.0,11.0,7.0,10.0,Basic,Quarterly,867.0,29.0,1.0
394462.0,37.0,Female,2.0,3.0,1.0,15.0,Premium,Annual,573.34,2.0,0.0
54199.0,49.0,Male,19.0,13.0,0.0,2.0,Premium,Annual,399.0,17.0,1.0
267714.0,24.0,Male,19.0,29.0,0.0,0.0,Premium,Quarterly,534.59,10.0,0.0
213261.0,19.0,Male,34.0,8.0,5.0,7.0,Basic,Monthly,199.78,4.0,1.0
222198.0,27.0,Female,3.0,10.0,3.0,11.0,Standard,Annual,787.74,17.0,1.0
398687.0,44.0,Male,4.0,20.0,4.0,17.0,Premium,Quarterly,852.79,28.0,0.0
185924.0,41.0,Male,31.0,6.0,8.0,29.0,Standard,Quarterly,400.0,21.0,1.0
143189.0,42.0,Male,37.0,3.0,2.0,7.0,Premium,Annual,163.0,5.0,1.0
302583.0,44.0,Female,56.0,24.0,2.0,13.0,Standard,Quarterly,858.04,15.0,0.0
396333.0,39.0,Male,19.0,19.0,3.0,12.0,Basic,Annual,594.79,3.0,0.0
75335.0,37.0,Male,11.0,30.0,1.0,21.0,Basic,Monthly,364.0,25.0,1.0
287525.0,29.0,Female,48.0,28.0,0.0,2.0,Standard,Annual,917.69,11.0,0.0
249355.0,65.0,Male,3.0,27.0,5.0,21.0,Standard,Quarterly,966.56,1.0,1.0
28008.0,62.0,Female,54.0,18.0,10.0,11.0,Premium,Annual,843.0,14.0,1.0
447416.0,21.0,Female,58.0,22.0,0.0,14.0,Premium,Quarterly,906.03,6.0,0.0
55635.0,57.0,Male,50.0,19.0,8.0,25.0,Premium,Annual,113.0,25.0,1.0
410810.0,26.0,Male,49.0,26.0,1.0,7.0,Standard,Annual,554.26,30.0,0.0
82659.0,59.0,Female,28.0,20.0,9.0,19.0,Standard,Annual,755.0,14.0,1.0
206392.0,48.0,Female,15.0,12.0,0.0,3.0,Basic,Monthly,475.32,19.0,1.0
132584.0,35.0,Male,28.0,9.0,10.0,25.0,Standard,Annual,821.0,8.0,1.0
216049.0,54.0,Male,41.0,24.0,4.0,30.0,Standard,Monthly,797.55,28.0,1.0
268449.0,20.0,Male,60.0,27.0,0.0,14.0,Standard,Quarterly,676.46,4.0,0.0
220067.0,40.0,Male,54.0,18.0,6.0,17.0,Standard,Monthly,515.45,28.0,1.0
291514.0,44.0,Male,44.0,23.0,0.0,18.0,Premium,Quarterly,936.48,19.0,0.0
159979.0,55.0,Male,14.0,18.0,6.0,17.0,Basic,Monthly,765.0,28.0,1.0
122531.0,59.0,Male,2.0,9.0,7.0,18.0,Premium,Annual,129.0,11.0,1.0
119043.0,39.0,Female,41.0,26.0,8.0,12.0,Basic,Annual,520.0,13.0,1.0
408784.0,48.0,Male,8.0,29.0,2.0,12.0,Basic,Annual,567.68,14.0,0.0
157307.0,55.0,Female,30.0,1.0,3.0,23.0,Basic,Monthly,970.0,18.0,1.0
428213.0,39.0,Male,52.0,9.0,0.0,19.0,Basic,Quarterly,861.98,26.0,0.0
18299.0,25.0,Female,8.0,21.0,8.0,18.0,Basic,Monthly,173.0,29.0,1.0
321314.0,20.0,Male,11.0,3.0,0.0,15.0,Basic,Quarterly,609.8,18.0,0.0
280212.0,20.0,Male,13.0,25.0,1.0,5.0,Standard,Annual,839.38,28.0,0.0
326790.0,35.0,Male,19.0,18.0,3.0,11.0,Basic,Quarterly,582.33,11.0,0.0
438751.0,48.0,Male,1.0,21.0,3.0,19.0,Standard,Annual,786.72,11.0,0.0
112377.0,49.0,Female,8.0,16.0,6.0,7.0,Basic,Annual,440.0,26.0,1.0
204593.0,53.0,Female,3.0,19.0,4.0,14.0,Premium,Annual,381.82,23.0,1.0
393562.0,32.0,Male,32.0,26.0,3.0,12.0,Standard,Quarterly,514.98,2.0,0.0
239864.0,30.0,Male,30.0,27.0,3.0,17.0,Basic,Annual,392.36,7.0,1.0
341756.0,36.0,Male,57.0,25.0,0.0,7.0,Basic,Quarterly,922.08,10.0,0.0
84539.0,56.0,Male,36.0,8.0,7.0,11.0,Premium,Monthly,708.0,16.0,1.0
153840.0,35.0,Female,23.0,28.0,7.0,1.0,Premium,Quarterly,285.0,8.0,1.0
5766.0,22.0,Female,10.0,27.0,3.0,7.0,Basic,Monthly,410.0,25.0,1.0
46684.0,34.0,Female,28.0,2.0,1.0,21.0,Basic,Quarterly,596.0,3.0,1.0
312481.0,31.0,Male,58.0,17.0,1.0,20.0,Premium,Annual,807.83,19.0,0.0
176702.0,64.0,Male,29.0,30.0,10.0,9.0,Premium,Quarterly,868.0,2.0,1.0
169524.0,33.0,Male,21.0,1.0,2.0,13.0,Standard,Annual,704.0,26.0,1.0
102290.0,37.0,Male,5.0,12.0,9.0,23.0,Premium,Quarterly,535.0,30.0,1.0
311776.0,48.0,Male,56.0,17.0,0.0,15.0,Premium,Annual,632.62,13.0,0.0
269057.0,44.0,Male,43.0,19.0,4.0,13.0,Premium,Annual,653.41,6.0,0.0
218864.0,43.0,Male,27.0,26.0,9.0,21.0,Basic,Quarterly,108.45,12.0,1.0
325931.0,39.0,Male,30.0,21.0,1.0,13.0,Basic,Annual,769.76,13.0,0.0
301840.0,21.0,Female,50.0,20.0,2.0,16.0,Standard,Annual,657.97,6.0,0.0
203612.0,53.0,Male,6.0,3.0,10.0,23.0,Basic,Quarterly,511.0,17.0,1.0
392319.0,38.0,Male,6.0,3.0,3.0,17.0,Basic,Quarterly,997.38,26.0,0.0
353205.0,45.0,Female,22.0,24.0,0.0,13.0,Standard,Annual,992.69,12.0,0.0
66191.0,34.0,Male,31.0,26.0,8.0,6.0,Standard,Annual,741.0,4.0,1.0
210171.0,54.0,Female,3.0,3.0,6.0,3.0,Standard,Annual,633.36,26.0,1.0
140641.0,56.0,Male,44.0,22.0,2.0,3.0,Standard,Quarterly,173.0,17.0,1.0
52244.0,32.0,Female,30.0,6.0,2.0,12.0,Premium,Monthly,124.0,24.0,1.0
312711.0,31.0,Female,13.0,20.0,1.0,1.0,Premium,Annual,945.24,13.0,0.0
40253.0,42.0,Female,56.0,15.0,8.0,28.0,Premium,Monthly,575.0,17.0,1.0
134267.0,30.0,Male,1.0,4.0,3.0,2.0,Premium,Monthly,663.0,10.0,1.0
10425.0,34.0,Female,2.0,12.0,1.0,17.0,Basic,Annual,306.0,25.0,1.0
136909.0,22.0,Female,9.0,3.0,9.0,5.0,Premium,Quarterly,413.0,18.0,1.0
385366.0,40.0,Female,6.0,30.0,1.0,7.0,Basic,Annual,753.13,4.0,0.0
376356.0,36.0,Male,45.0,6.0,0.0,16.0,Standard,Quarterly,983.51,11.0,0.0
171049.0,42.0,Male,18.0,27.0,3.0,12.0,Basic,Quarterly,135.0,4.0,1.0
11639.0,42.0,Male,25.0,9.0,7.0,14.0,Basic,Quarterly,632.0,9.0,1.0
37167.0,46.0,Male,57.0,8.0,8.0,24.0,Premium,Monthly,478.0,29.0,1.0
87772.0,43.0,Female,34.0,30.0,5.0,11.0,Premium,Quarterly,382.0,5.0,1.0
42126.0,39.0,Female,19.0,3.0,1.0,15.0,Basic,Annual,344.0,24.0,1.0
107010.0,63.0,Female,34.0,19.0,3.0,0.0,Basic,Monthly,409.0,22.0,1.0
326341.0,28.0,Male,26.0,28.0,2.0,0.0,Standard,Quarterly,880.26,27.0,0.0
174067.0,21.0,Male,19.0,18.0,2.0,25.0,Basic,Monthly,551.0,27.0,1.0
376188.0,39.0,Male,58.0,4.0,2.0,11.0,Premium,Annual,708.69,28.0,0.0
424881.0,44.0,Male,3.0,8.0,2.0,15.0,Premium,Annual,676.23,12.0,0.0
196022.0,53.0,Female,44.0,21.0,5.0,13.0,Premium,Quarterly,837.0,16.0,1.0
23408.0,30.0,Male,8.0,8.0,8.0,23.0,Standard,Quarterly,137.0,16.0,1.0
11889.0,48.0,Female,50.0,6.0,3.0,25.0,Basic,Monthly,202.0,19.0,1.0
244289.0,61.0,Male,21.0,26.0,5.0,1.0,Premium,Monthly,668.35,2.0,1.0
326750.0,47.0,Male,42.0,26.0,0.0,20.0,Basic,Annual,772.92,21.0,0.0
340816.0,50.0,Female,14.0,18.0,3.0,19.0,Basic,Annual,966.81,8.0,0.0
280023.0,28.0,Male,37.0,20.0,2.0,9.0,Standard,Quarterly,734.74,6.0,0.0
54026.0,58.0,Female,12.0,7.0,5.0,1.0,Standard,Quarterly,262.0,29.0,1.0
55099.0,32.0,Female,38.0,29.0,6.0,13.0,Premium,Quarterly,558.0,15.0,1.0
192100.0,47.0,Male,31.0,4.0,4.0,6.0,Standard,Monthly,463.0,18.0,1.0
2423.0,52.0,Male,52.0,29.0,9.0,25.0,Basic,Monthly,180.0,29.0,1.0
415166.0,47.0,Male,45.0,24.0,3.0,8.0,Premium,Quarterly,758.62,21.0,0.0
344027.0,49.0,Male,44.0,18.0,4.0,10.0,Standard,Annual,931.51,13.0,0.0
110142.0,22.0,Female,47.0,8.0,6.0,21.0,Standard,Monthly,645.0,10.0,1.0
60273.0,28.0,Female,22.0,2.0,5.0,21.0,Basic,Annual,280.0,20.0,1.0
148700.0,41.0,Male,55.0,15.0,4.0,27.0,Standard,Annual,476.0,24.0,1.0
222525.0,64.0,Female,54.0,16.0,8.0,29.0,Standard,Annual,515.35,22.0,1.0
26592.0,21.0,Male,16.0,19.0,10.0,25.0,Standard,Monthly,823.0,24.0,1.0
28466.0,38.0,Male,14.0,15.0,9.0,27.0,Basic,Monthly,498.0,2.0,1.0
69944.0,60.0,Male,43.0,23.0,8.0,15.0,Standard,Monthly,927.0,22.0,1.0
282182.0,47.0,Male,57.0,15.0,2.0,11.0,Standard,Annual,652.95,19.0,0.0
195223.0,19.0,Female,42.0,9.0,6.0,30.0,Premium,Monthly,973.0,21.0,1.0
212455.0,40.0,Male,28.0,23.0,5.0,13.0,Basic,Monthly,662.53,13.0,1.0
37400.0,41.0,Male,11.0,18.0,8.0,26.0,Basic,Monthly,480.0,7.0,1.0
408040.0,46.0,Female,51.0,7.0,1.0,11.0,Standard,Annual,517.42,3.0,0.0
285368.0,42.0,Male,21.0,13.0,0.0,16.0,Standard,Quarterly,674.31,22.0,0.0
293617.0,49.0,Male,23.0,25.0,2.0,13.0,Standard,Annual,672.74,30.0,0.0
115260.0,59.0,Female,18.0,29.0,1.0,2.0,Premium,Quarterly,251.0,25.0,1.0
74207.0,36.0,Male,25.0,30.0,0.0,18.0,Standard,Quarterly,251.0,9.0,1.0
418425.0,24.0,Female,31.0,1.0,0.0,16.0,Basic,Quarterly,778.36,10.0,0.0
281594.0,37.0,Female,23.0,19.0,3.0,20.0,Standard,Quarterly,750.98,14.0,0.0
428159.0,49.0,Female,17.0,28.0,1.0,17.0,Premium,Quarterly,552.81,12.0,0.0
66370.0,46.0,Female,12.0,12.0,10.0,3.0,Basic,Quarterly,175.0,24.0,1.0
442022.0,33.0,Male,48.0,16.0,1.0,2.0,Premium,Annual,947.78,10.0,0.0
193154.0,38.0,Female,22.0,1.0,6.0,27.0,Premium,Annual,379.0,14.0,1.0
146642.0,35.0,Male,8.0,25.0,6.0,28.0,Premium,Monthly,813.0,20.0,1.0
245260.0,32.0,Male,40.0,28.0,10.0,7.0,Basic,Annual,991.47,11.0,1.0
414375.0,36.0,Male,56.0,19.0,0.0,7.0,Standard,Quarterly,530.31,21.0,0.0
191961.0,20.0,Male,18.0,21.0,3.0,30.0,Premium,Annual,860.0,26.0,1.0
9698.0,30.0,Female,55.0,18.0,10.0,14.0,Standard,Monthly,704.0,15.0,1.0
401901.0,40.0,Male,47.0,16.0,0.0,8.0,Basic,Quarterly,954.22,27.0,0.0
131560.0,46.0,Female,19.0,1.0,4.0,22.0,Basic,Monthly,954.0,25.0,1.0
442589.0,43.0,Female,18.0,12.0,0.0,0.0,Basic,Quarterly,633.58,5.0,0.0
429800.0,48.0,Female,30.0,1.0,4.0,0.0,Premium,Quarterly,936.14,3.0,0.0
127861.0,53.0,Female,22.0,18.0,10.0,27.0,Basic,Annual,963.0,17.0,1.0
90347.0,47.0,Male,33.0,15.0,9.0,28.0,Basic,Quarterly,374.0,2.0,1.0
149930.0,54.0,Male,29.0,19.0,0.0,15.0,Premium,Annual,865.0,16.0,1.0
250680.0,61.0,Female,2.0,1.0,4.0,18.0,Standard,Quarterly,379.55,25.0,1.0
30196.0,44.0,Female,48.0,26.0,6.0,20.0,Premium,Monthly,786.0,6.0,1.0
395262.0,31.0,Male,53.0,4.0,0.0,9.0,Basic,Quarterly,721.31,29.0,0.0
279011.0,21.0,Male,59.0,16.0,2.0,8.0,Premium,Annual,786.92,23.0,0.0
207975.0,43.0,Male,4.0,8.0,6.0,16.0,Premium,Monthly,737.98,2.0,1.0
157648.0,41.0,Male,31.0,5.0,10.0,4.0,Basic,Annual,602.0,30.0,1.0
89243.0,41.0,Male,55.0,29.0,1.0,21.0,Standard,Monthly,993.0,29.0,1.0
447040.0,41.0,Male,20.0,17.0,2.0,15.0,Premium,Quarterly,977.24,20.0,0.0
349886.0,24.0,Male,27.0,14.0,2.0,20.0,Standard,Annual,892.53,23.0,0.0
28630.0,19.0,Male,5.0,6.0,6.0,25.0,Premium,Annual,867.0,13.0,1.0
28297.0,46.0,Female,42.0,3.0,9.0,6.0,Premium,Monthly,577.0,26.0,1.0
322065.0,49.0,Female,25.0,9.0,0.0,8.0,Basic,Annual,891.04,2.0,0.0
81934.0,47.0,Female,39.0,9.0,3.0,22.0,Standard,Annual,652.0,12.0,1.0
297902.0,22.0,Male,10.0,29.0,2.0,5.0,Standard,Annual,961.17,4.0,0.0
173660.0,30.0,Female,45.0,2.0,0.0,13.0,Premium,Annual,455.0,29.0,1.0
19945.0,22.0,Female,60.0,7.0,10.0,6.0,Standard,Monthly,124.0,7.0,1.0
222291.0,35.0,Male,4.0,9.0,10.0,5.0,Standard,Annual,984.82,30.0,1.0
66642.0,34.0,Male,58.0,7.0,4.0,13.0,Premium,Monthly,915.0,14.0,1.0
310376.0,50.0,Male,20.0,24.0,3.0,20.0,Standard,Quarterly,924.29,9.0,0.0
180247.0,41.0,Male,46.0,29.0,0.0,27.0,Standard,Annual,300.0,21.0,1.0
214824.0,23.0,Female,25.0,28.0,1.0,7.0,Standard,Quarterly,441.25,13.0,1.0
316756.0,35.0,Male,13.0,10.0,0.0,16.0,Standard,Quarterly,510.08,7.0,0.0
433867.0,22.0,Male,58.0,22.0,0.0,13.0,Standard,Quarterly,564.1,18.0,0.0
320453.0,48.0,Female,26.0,25.0,3.0,4.0,Standard,Annual,880.37,14.0,0.0
410014.0,46.0,Male,35.0,16.0,2.0,13.0,Standard,Annual,860.96,20.0,0.0
215778.0,36.0,Male,34.0,26.0,4.0,26.0,Premium,Annual,473.35,2.0,1.0
250983.0,21.0,Male,32.0,19.0,2.0,5.0,Basic,Quarterly,388.02,12.0,1.0
80345.0,34.0,Female,19.0,8.0,9.0,29.0,Premium,Quarterly,842.0,9.0,1.0
1404.0,38.0,Male,56.0,6.0,6.0,29.0,Standard,Monthly,244.0,30.0,1.0
371594.0,21.0,Male,44.0,2.0,2.0,15.0,Basic,Annual,812.54,1.0,0.0
261541.0,22.0,Female,20.0,25.0,2.0,0.0,Standard,Quarterly,968.92,12.0,0.0
202994.0,18.0,Female,3.0,17.0,8.0,27.0,Standard,Annual,891.0,9.0,1.0
138815.0,53.0,Female,2.0,21.0,5.0,4.0,Basic,Monthly,719.0,1.0,1.0
191502.0,20.0,Male,9.0,18.0,3.0,3.0,Premium,Quarterly,784.0,2.0,1.0
406988.0,20.0,Male,34.0,11.0,1.0,13.0,Premium,Quarterly,873.82,23.0,0.0
203493.0,58.0,Female,41.0,26.0,7.0,28.0,Standard,Monthly,703.0,1.0,1.0
417074.0,22.0,Male,11.0,4.0,1.0,17.0,Basic,Annual,645.38,1.0,0.0
213566.0,18.0,Male,36.0,12.0,0.0,28.0,Standard,Annual,678.76,16.0,1.0
114024.0,47.0,Female,1.0,6.0,9.0,11.0,Basic,Annual,982.0,17.0,1.0
121795.0,35.0,Female,29.0,24.0,4.0,13.0,Standard,Monthly,485.0,4.0,1.0
164664.0,44.0,Female,27.0,17.0,8.0,4.0,Premium,Quarterly,173.0,23.0,1.0
348312.0,49.0,Male,40.0,20.0,1.0,17.0,Premium,Quarterly,829.68,23.0,0.0
294648.0,49.0,Male,46.0,25.0,0.0,20.0,Basic,Quarterly,580.21,19.0,0.0
228857.0,27.0,Female,50.0,14.0,3.0,18.0,Basic,Monthly,900.08,24.0,1.0
286088.0,42.0,Male,43.0,15.0,3.0,17.0,Premium,Annual,717.34,20.0,0.0
239930.0,44.0,Male,8.0,28.0,10.0,24.0,Standard,Quarterly,821.32,19.0,1.0
220017.0,57.0,Female,15.0,21.0,10.0,20.0,Basic,Annual,869.05,28.0,1.0
269905.0,39.0,Male,22.0,17.0,2.0,1.0,Standard,Quarterly,813.96,3.0,0.0
9370.0,30.0,Female,12.0,10.0,2.0,12.0,Basic,Quarterly,587.0,2.0,0.0
351009.0,21.0,Male,3.0,3.0,0.0,12.0,Premium,Annual,590.6,7.0,0.0
11238.0,39.0,Female,23.0,5.0,2.0,2.0,Standard,Annual,527.0,22.0,1.0
104023.0,43.0,Male,48.0,11.0,7.0,9.0,Standard,Quarterly,920.0,18.0,1.0
320421.0,30.0,Male,50.0,5.0,1.0,19.0,Premium,Annual,644.9,25.0,0.0
430880.0,43.0,Male,13.0,18.0,3.0,15.0,Standard,Annual,739.07,2.0,0.0
394955.0,43.0,Female,11.0,14.0,2.0,11.0,Basic,Annual,591.7,12.0,0.0
245630.0,38.0,Male,38.0,22.0,10.0,27.0,Premium,Annual,959.63,28.0,1.0
449196.0,50.0,Female,36.0,10.0,4.0,0.0,Standard,Quarterly,513.39,4.0,0.0
370944.0,30.0,Male,42.0,15.0,2.0,4.0,Premium,Quarterly,675.35,15.0,0.0
68183.0,59.0,Male,26.0,11.0,0.0,23.0,Premium,Annual,367.0,18.0,1.0
245416.0,23.0,Male,29.0,27.0,9.0,20.0,Premium,Annual,217.82,18.0,1.0
53785.0,19.0,Male,31.0,5.0,5.0,25.0,Basic,Annual,678.0,18.0,1.0
355339.0,36.0,Male,34.0,3.0,0.0,9.0,Premium,Annual,955.48,18.0,0.0
2223.0,44.0,Male,25.0,23.0,1.0,6.0,Premium,Monthly,375.0,2.0,1.0
5118.0,63.0,Male,56.0,17.0,4.0,19.0,Standard,Monthly,397.0,7.0,1.0
171477.0,26.0,Female,12.0,10.0,2.0,20.0,Standard,Monthly,819.0,12.0,1.0
122227.0,44.0,Female,22.0,11.0,8.0,18.0,Basic,Quarterly,806.0,2.0,1.0
411408.0,38.0,Male,38.0,7.0,3.0,18.0,Standard,Annual,618.22,4.0,0.0
314461.0,21.0,Female,25.0,12.0,1.0,9.0,Basic,Quarterly,631.27,15.0,0.0
412468.0,45.0,Male,29.0,27.0,0.0,8.0,Standard,Quarterly,600.73,9.0,0.0
298269.0,45.0,Male,14.0,13.0,1.0,12.0,Standard,Annual,968.25,24.0,0.0
365554.0,20.0,Male,7.0,21.0,1.0,18.0,Basic,Quarterly,518.11,12.0,0.0
325406.0,26.0,Female,31.0,10.0,2.0,2.0,Premium,Quarterly,749.58,5.0,0.0
222925.0,42.0,Male,48.0,18.0,8.0,14.0,Basic,Annual,583.37,7.0,1.0
377772.0,30.0,Male,9.0,8.0,1.0,1.0,Premium,Annual,846.51,29.0,0.0
320034.0,31.0,Male,23.0,16.0,3.0,2.0,Standard,Annual,894.18,12.0,0.0
222364.0,27.0,Female,55.0,22.0,10.0,3.0,Premium,Annual,205.78,27.0,1.0
147838.0,44.0,Male,14.0,12.0,7.0,30.0,Premium,Annual,136.0,9.0,1.0
416961.0,32.0,Male,12.0,10.0,0.0,3.0,Standard,Annual,923.09,28.0,0.0
145126.0,56.0,Female,2.0,13.0,8.0,25.0,Premium,Annual,624.0,7.0,1.0
272104.0,33.0,Male,22.0,13.0,0.0,0.0,Standard,Quarterly,676.06,4.0,0.0
170405.0,46.0,Female,49.0,29.0,2.0,14.0,Standard,Monthly,528.0,19.0,1.0
94157.0,26.0,Female,35.0,28.0,5.0,29.0,Basic,Annual,324.0,2.0,1.0
241739.0,20.0,Male,38.0,28.0,3.0,28.0,Premium,Monthly,294.82,29.0,1.0
50019.0,64.0,Female,19.0,9.0,2.0,21.0,Standard,Annual,289.0,21.0,1.0
76479.0,33.0,Female,24.0,28.0,3.0,0.0,Standard,Quarterly,466.0,29.0,1.0
76365.0,40.0,Female,36.0,21.0,4.0,27.0,Standard,Monthly,284.0,8.0,1.0
58607.0,34.0,Female,47.0,15.0,10.0,13.0,Standard,Annual,910.0,19.0,1.0
183714.0,58.0,Male,24.0,19.0,10.0,13.0,Premium,Annual,201.0,25.0,1.0
48776.0,62.0,Male,22.0,24.0,6.0,13.0,Premium,Annual,433.0,29.0,1.0
79733.0,47.0,Female,2.0,17.0,8.0,14.0,Premium,Annual,457.0,4.0,1.0
4664.0,33.0,Male,44.0,7.0,0.0,19.0,Basic,Annual,931.0,23.0,0.0
295963.0,34.0,Male,41.0,6.0,2.0,1.0,Premium,Quarterly,665.13,5.0,0.0
209312.0,52.0,Female,35.0,29.0,1.0,23.0,Standard,Annual,235.41,7.0,1.0
243037.0,62.0,Male,36.0,19.0,10.0,29.0,Standard,Quarterly,994.51,27.0,1.0
216815.0,49.0,Female,28.0,12.0,9.0,27.0,Standard,Quarterly,832.31,5.0,1.0
230655.0,32.0,Female,53.0,29.0,9.0,1.0,Standard,Monthly,629.87,28.0,1.0
329004.0,41.0,Female,18.0,27.0,3.0,12.0,Premium,Annual,787.76,12.0,0.0
142250.0,29.0,Female,46.0,8.0,1.0,8.0,Standard,Annual,422.0,25.0,1.0
189682.0,31.0,Female,44.0,6.0,6.0,0.0,Basic,Monthly,904.0,26.0,1.0
152547.0,48.0,Male,33.0,7.0,6.0,16.0,Basic,Annual,648.0,2.0,1.0
270105.0,40.0,Male,59.0,23.0,3.0,16.0,Standard,Annual,546.06,29.0,0.0
381237.0,29.0,Female,41.0,7.0,0.0,14.0,Basic,Quarterly,586.48,13.0,0.0
98393.0,19.0,Female,20.0,26.0,6.0,9.0,Premium,Quarterly,217.0,15.0,1.0
49450.0,53.0,Male,23.0,26.0,2.0,20.0,Standard,Quarterly,971.0,22.0,1.0
70304.0,21.0,Female,7.0,8.0,6.0,2.0,Premium,Quarterly,598.0,16.0,1.0
128398.0,57.0,Male,5.0,30.0,2.0,24.0,Premium,Monthly,147.0,25.0,1.0
32876.0,29.0,Female,54.0,10.0,8.0,18.0,Standard,Monthly,914.0,21.0,1.0
232561.0,30.0,Male,44.0,27.0,4.0,20.0,Premium,Monthly,136.14,15.0,1.0
119870.0,44.0,Female,52.0,22.0,0.0,15.0,Premium,Annual,370.0,24.0,1.0
314223.0,33.0,Male,52.0,13.0,0.0,19.0,Premium,Quarterly,930.16,7.0,0.0
330087.0,37.0,Male,20.0,23.0,3.0,1.0,Premium,Annual,505.76,15.0,0.0
283139.0,36.0,Male,49.0,17.0,0.0,16.0,Standard,Annual,868.24,25.0,0.0
386284.0,42.0,Male,33.0,9.0,4.0,0.0,Premium,Quarterly,898.48,30.0,0.0
222233.0,29.0,Male,37.0,17.0,2.0,2.0,Standard,Monthly,768.05,30.0,1.0
161696.0,26.0,Male,52.0,7.0,9.0,19.0,Premium,Monthly,661.0,15.0,1.0
369588.0,38.0,Male,35.0,23.0,0.0,7.0,Premium,Annual,821.27,9.0,0.0
157183.0,59.0,Female,47.0,13.0,7.0,1.0,Standard,Quarterly,742.0,16.0,1.0
117682.0,24.0,Female,10.0,12.0,3.0,11.0,Standard,Quarterly,706.0,25.0,1.0
251767.0,30.0,Male,43.0,17.0,4.0,10.0,Premium,Monthly,599.78,6.0,1.0
11654.0,19.0,Male,1.0,13.0,8.0,17.0,Basic,Annual,981.0,23.0,1.0
140753.0,55.0,Male,41.0,28.0,6.0,0.0,Basic,Monthly,200.0,25.0,1.0
128753.0,62.0,Male,18.0,4.0,4.0,18.0,Premium,Quarterly,201.0,22.0,1.0
262672.0,36.0,Male,18.0,14.0,1.0,1.0,Premium,Annual,756.25,25.0,0.0
45266.0,28.0,Female,43.0,3.0,8.0,1.0,Standard,Annual,490.0,23.0,1.0
375921.0,36.0,Male,17.0,29.0,3.0,2.0,Premium,Quarterly,680.52,14.0,0.0
160923.0,25.0,Male,20.0,14.0,8.0,29.0,Premium,Quarterly,377.0,3.0,1.0
154651.0,60.0,Female,32.0,8.0,8.0,17.0,Basic,Quarterly,507.0,27.0,1.0
95565.0,58.0,Female,19.0,14.0,8.0,27.0,Standard,Monthly,491.0,28.0,1.0
79849.0,28.0,Female,14.0,25.0,9.0,20.0,Premium,Monthly,625.0,17.0,1.0
202029.0,41.0,Female,60.0,11.0,6.0,13.0,Premium,Monthly,192.0,3.0,1.0
286068.0,41.0,Female,11.0,3.0,2.0,5.0,Standard,Annual,867.03,13.0,0.0
202145.0,26.0,Male,54.0,8.0,7.0,1.0,Premium,Annual,283.0,25.0,1.0
359919.0,34.0,Female,55.0,28.0,2.0,20.0,Basic,Annual,901.34,13.0,0.0
92326.0,45.0,Male,3.0,16.0,8.0,12.0,Basic,Annual,418.0,3.0,1.0
334425.0,32.0,Female,5.0,18.0,1.0,5.0,Standard,Annual,503.44,7.0,0.0
167062.0,42.0,Female,58.0,15.0,2.0,4.0,Basic,Monthly,363.0,17.0,1.0
178771.0,62.0,Female,14.0,6.0,5.0,25.0,Basic,Monthly,840.0,8.0,1.0
41877.0,43.0,Female,39.0,12.0,10.0,11.0,Standard,Monthly,593.0,8.0,1.0
199095.0,37.0,Female,57.0,29.0,5.0,2.0,Premium,Monthly,634.0,28.0,1.0
224854.0,20.0,Female,30.0,25.0,6.0,27.0,Basic,Quarterly,223.73,10.0,1.0
373781.0,46.0,Male,14.0,13.0,0.0,5.0,Standard,Quarterly,676.33,28.0,0.0
399289.0,23.0,Male,11.0,13.0,1.0,10.0,Standard,Annual,709.17,2.0,0.0
55970.0,48.0,Male,56.0,8.0,9.0,7.0,Premium,Annual,583.0,12.0,1.0
59499.0,60.0,Male,32.0,7.0,10.0,11.0,Basic,Monthly,231.0,14.0,1.0
413615.0,21.0,Female,21.0,13.0,1.0,7.0,Basic,Annual,636.08,8.0,0.0
150244.0,41.0,Female,23.0,2.0,2.0,28.0,Standard,Quarterly,115.0,16.0,1.0
168449.0,46.0,Female,48.0,23.0,2.0,8.0,Premium,Monthly,918.0,23.0,1.0
34867.0,57.0,Male,3.0,29.0,5.0,19.0,Standard,Monthly,953.0,27.0,1.0
129084.0,26.0,Male,57.0,6.0,9.0,6.0,Standard,Annual,440.0,4.0,1.0
243268.0,48.0,Male,46.0,19.0,4.0,16.0,Standard,Monthly,621.14,3.0,1.0
435394.0,49.0,Female,19.0,15.0,3.0,11.0,Basic,Annual,631.72,15.0,0.0
442265.0,22.0,Male,7.0,23.0,1.0,3.0,Basic,Annual,958.81,2.0,0.0
399950.0,37.0,Male,53.0,14.0,0.0,12.0,Standard,Quarterly,539.25,9.0,0.0
320582.0,37.0,Female,9.0,12.0,0.0,14.0,Premium,Annual,681.18,2.0,0.0
390003.0,44.0,Female,56.0,8.0,2.0,11.0,Basic,Annual,870.77,11.0,0.0
8021.0,50.0,Female,26.0,24.0,8.0,22.0,Premium,Monthly,183.0,29.0,1.0
117562.0,35.0,Female,1.0,24.0,4.0,20.0,Standard,Annual,626.0,27.0,1.0
94791.0,31.0,Male,23.0,21.0,5.0,10.0,Standard,Quarterly,307.0,14.0,1.0
379416.0,42.0,Female,55.0,13.0,0.0,17.0,Basic,Quarterly,514.32,4.0,0.0
84285.0,52.0,Female,10.0,25.0,9.0,20.0,Basic,Annual,345.0,1.0,1.0
47075.0,57.0,Male,6.0,9.0,2.0,11.0,Standard,Monthly,119.0,19.0,1.0
900.0,41.0,Male,7.0,23.0,3.0,26.0,Standard,Monthly,299.0,16.0,1.0
160566.0,51.0,Female,55.0,19.0,5.0,28.0,Basic,Quarterly,685.0,9.0,1.0
192144.0,44.0,Female,57.0,1.0,6.0,10.0,Standard,Quarterly,987.0,19.0,1.0
377639.0,44.0,Male,33.0,26.0,1.0,19.0,Standard,Annual,992.22,29.0,0.0
201220.0,36.0,Male,51.0,3.0,0.0,23.0,Standard,Annual,999.0,23.0,1.0
124375.0,62.0,Female,19.0,14.0,1.0,15.0,Standard,Monthly,143.0,4.0,1.0
68691.0,39.0,Male,10.0,3.0,8.0,26.0,Premium,Quarterly,558.0,15.0,1.0
212842.0,23.0,Male,2.0,13.0,7.0,27.0,Basic,Monthly,101.57,28.0,1.0
235234.0,57.0,Female,14.0,15.0,2.0,28.0,Standard,Annual,822.67,25.0,1.0
327565.0,43.0,Male,9.0,13.0,3.0,16.0,Standard,Annual,907.42,29.0,0.0
343988.0,19.0,Female,27.0,17.0,1.0,13.0,Standard,Quarterly,591.18,12.0,0.0
282647.0,46.0,Male,17.0,18.0,4.0,4.0,Basic,Annual,577.35,17.0,0.0
318493.0,42.0,Male,28.0,13.0,1.0,15.0,Standard,Quarterly,565.27,17.0,0.0
366403.0,49.0,Male,49.0,27.0,4.0,15.0,Premium,Annual,924.36,5.0,0.0
69883.0,56.0,Female,5.0,11.0,4.0,20.0,Standard,Quarterly,252.0,17.0,1.0
428089.0,21.0,Male,27.0,12.0,2.0,20.0,Premium,Annual,975.02,8.0,0.0
133980.0,52.0,Female,7.0,18.0,7.0,19.0,Premium,Annual,365.0,1.0,1.0
74872.0,50.0,Male,22.0,25.0,5.0,14.0,Basic,Annual,181.0,11.0,1.0
352708.0,47.0,Female,7.0,25.0,1.0,1.0,Premium,Quarterly,602.33,10.0,0.0
410462.0,43.0,Male,8.0,4.0,3.0,4.0,Premium,Quarterly,533.63,4.0,0.0
391192.0,22.0,Male,58.0,23.0,0.0,14.0,Basic,Annual,773.12,15.0,0.0
191101.0,55.0,Male,27.0,29.0,0.0,14.0,Standard,Annual,611.0,20.0,1.0
348146.0,38.0,Male,40.0,20.0,2.0,0.0,Basic,Quarterly,820.07,4.0,0.0
23252.0,34.0,Female,32.0,25.0,3.0,28.0,Premium,Monthly,734.0,2.0,1.0
187238.0,24.0,Male,16.0,11.0,9.0,28.0,Standard,Annual,690.0,17.0,1.0
266812.0,42.0,Female,34.0,4.0,2.0,10.0,Basic,Annual,666.08,1.0,0.0
267918.0,47.0,Female,52.0,1.0,3.0,4.0,Standard,Annual,999.7,2.0,0.0
255070.0,46.0,Female,30.0,7.0,4.0,8.0,Basic,Monthly,502.6,13.0,1.0
426445.0,32.0,Male,25.0,3.0,1.0,6.0,Standard,Quarterly,867.85,12.0,0.0
353171.0,23.0,Female,27.0,19.0,0.0,3.0,Premium,Quarterly,864.74,11.0,0.0
43367.0,48.0,Male,45.0,24.0,9.0,27.0,Basic,Quarterly,303.0,22.0,1.0
143732.0,22.0,Male,20.0,8.0,5.0,23.0,Standard,Quarterly,218.0,12.0,1.0
416925.0,39.0,Male,56.0,6.0,3.0,5.0,Standard,Annual,602.47,5.0,0.0
115395.0,31.0,Male,13.0,8.0,9.0,20.0,Basic,Annual,768.0,7.0,1.0
172494.0,37.0,Male,41.0,3.0,2.0,26.0,Premium,Annual,798.0,10.0,1.0
395727.0,18.0,Female,42.0,8.0,1.0,11.0,Standard,Quarterly,925.0,2.0,0.0
390803.0,24.0,Male,43.0,7.0,2.0,17.0,Basic,Annual,779.47,5.0,0.0
334950.0,44.0,Male,20.0,24.0,1.0,5.0,Basic,Quarterly,547.38,24.0,0.0
435759.0,47.0,Male,2.0,3.0,2.0,13.0,Premium,Annual,767.06,16.0,0.0
95710.0,42.0,Male,55.0,19.0,8.0,21.0,Basic,Annual,332.0,27.0,1.0
197520.0,50.0,Female,9.0,6.0,3.0,4.0,Standard,Annual,297.0,11.0,1.0
409379.0,46.0,Male,26.0,20.0,1.0,10.0,Standard,Quarterly,901.78,5.0,0.0
372474.0,28.0,Female,7.0,21.0,1.0,15.0,Standard,Quarterly,681.35,4.0,0.0
141562.0,40.0,Female,9.0,30.0,4.0,14.0,Premium,Quarterly,237.0,7.0,1.0
242800.0,45.0,Female,17.0,25.0,0.0,11.0,Premium,Annual,266.58,27.0,1.0
413095.0,36.0,Male,45.0,10.0,3.0,15.0,Premium,Quarterly,536.69,29.0,0.0
97509.0,26.0,Male,51.0,14.0,3.0,26.0,Premium,Annual,203.0,11.0,1.0
129308.0,65.0,Male,59.0,4.0,0.0,12.0,Premium,Annual,521.0,10.0,1.0
106099.0,56.0,Female,33.0,18.0,1.0,29.0,Premium,Annual,354.0,3.0,1.0
29420.0,62.0,Female,2.0,24.0,5.0,18.0,Basic,Monthly,660.0,28.0,1.0
40202.0,43.0,Female,7.0,11.0,8.0,4.0,Standard,Quarterly,337.0,12.0,1.0
180205.0,32.0,Male,44.0,1.0,3.0,16.0,Basic,Quarterly,393.0,3.0,1.0
370442.0,44.0,Male,32.0,26.0,3.0,4.0,Basic,Annual,889.25,15.0,0.0
148607.0,55.0,Male,29.0,24.0,2.0,18.0,Basic,Annual,819.0,26.0,1.0
329558.0,27.0,Female,51.0,8.0,2.0,20.0,Standard,Quarterly,572.05,3.0,0.0
154776.0,40.0,Female,9.0,2.0,4.0,16.0,Basic,Monthly,585.0,8.0,1.0
150383.0,29.0,Male,59.0,9.0,7.0,23.0,Premium,Annual,180.0,18.0,1.0
404184.0,34.0,Male,26.0,25.0,0.0,0.0,Standard,Quarterly,631.67,24.0,0.0
64167.0,27.0,Male,59.0,2.0,4.0,5.0,Standard,Monthly,308.0,6.0,1.0
54624.0,24.0,Male,48.0,24.0,7.0,13.0,Premium,Annual,137.0,9.0,1.0
315797.0,47.0,Male,21.0,25.0,0.0,5.0,Standard,Quarterly,591.09,13.0,0.0
300679.0,48.0,Male,53.0,17.0,1.0,4.0,Basic,Annual,676.11,19.0,0.0
271935.0,30.0,Male,39.0,28.0,1.0,5.0,Standard,Annual,680.34,20.0,0.0
371521.0,26.0,Male,44.0,11.0,2.0,3.0,Premium,Quarterly,928.89,12.0,0.0
18257.0,34.0,Male,13.0,20.0,5.0,26.0,Premium,Monthly,207.0,2.0,1.0
292014.0,26.0,Female,24.0,23.0,2.0,17.0,Basic,Annual,915.07,5.0,0.0
136248.0,27.0,Male,52.0,9.0,2.0,21.0,Standard,Quarterly,936.0,17.0,1.0
385918.0,48.0,Female,8.0,11.0,0.0,0.0,Premium,Annual,884.1,3.0,0.0
405995.0,44.0,Female,25.0,12.0,2.0,16.0,Basic,Annual,637.43,13.0,0.0
244051.0,40.0,Female,53.0,18.0,3.0,15.0,Premium,Annual,685.86,21.0,1.0
287037.0,45.0,Male,43.0,14.0,2.0,9.0,Premium,Annual,628.31,14.0,0.0
415561.0,39.0,Male,1.0,19.0,0.0,10.0,Standard,Quarterly,667.16,8.0,0.0
282788.0,24.0,Female,31.0,16.0,1.0,15.0,Standard,Annual,985.1,6.0,0.0
317076.0,43.0,Male,42.0,29.0,4.0,7.0,Standard,Quarterly,995.76,14.0,0.0
269337.0,26.0,Male,44.0,13.0,2.0,3.0,Basic,Annual,957.94,9.0,0.0
443491.0,41.0,Female,30.0,30.0,0.0,11.0,Standard,Quarterly,827.96,6.0,0.0
341109.0,26.0,Male,52.0,3.0,2.0,19.0,Premium,Annual,615.92,22.0,0.0
241824.0,45.0,Male,6.0,12.0,10.0,21.0,Standard,Monthly,797.89,24.0,1.0
297853.0,32.0,Male,1.0,23.0,0.0,19.0,Standard,Annual,854.74,9.0,0.0
222170.0,31.0,Female,31.0,20.0,10.0,0.0,Basic,Annual,997.56,26.0,1.0
7002.0,55.0,Male,52.0,4.0,5.0,22.0,Standard,Annual,834.0,24.0,1.0
103594.0,30.0,Male,12.0,27.0,5.0,22.0,Basic,Annual,806.0,30.0,1.0
105944.0,52.0,Female,26.0,10.0,0.0,13.0,Premium,Quarterly,545.0,12.0,1.0
99094.0,59.0,Female,28.0,16.0,2.0,11.0,Premium,Monthly,339.0,10.0,1.0
138529.0,32.0,Male,53.0,6.0,5.0,11.0,Standard,Annual,331.0,28.0,1.0
302362.0,39.0,Male,24.0,19.0,1.0,3.0,Basic,Quarterly,598.36,20.0,0.0
5971.0,63.0,Male,33.0,6.0,8.0,29.0,Standard,Annual,109.0,24.0,1.0
376128.0,49.0,Male,59.0,24.0,3.0,13.0,Premium,Quarterly,739.32,5.0,0.0
140118.0,22.0,Female,8.0,18.0,1.0,19.0,Basic,Annual,386.0,5.0,1.0
445751.0,34.0,Male,47.0,9.0,1.0,4.0,Basic,Annual,684.25,15.0,0.0
35735.0,23.0,Male,40.0,7.0,4.0,23.0,Basic,Annual,988.0,25.0,1.0
233452.0,31.0,Female,22.0,20.0,1.0,13.0,Standard,Monthly,359.0,19.0,1.0
422077.0,41.0,Female,56.0,7.0,1.0,16.0,Standard,Annual,779.52,3.0,0.0
301863.0,44.0,Female,13.0,18.0,3.0,20.0,Standard,Quarterly,973.78,13.0,0.0
192533.0,27.0,Male,13.0,9.0,0.0,24.0,Basic,Quarterly,924.0,13.0,1.0
198416.0,34.0,Male,40.0,20.0,10.0,30.0,Basic,Annual,607.0,19.0,1.0
384949.0,48.0,Male,41.0,22.0,0.0,2.0,Standard,Quarterly,675.44,1.0,0.0
108999.0,43.0,Male,40.0,20.0,9.0,5.0,Standard,Monthly,525.0,11.0,1.0
404799.0,18.0,Male,57.0,29.0,0.0,6.0,Standard,Quarterly,573.82,12.0,0.0
38787.0,28.0,Female,2.0,11.0,6.0,24.0,Premium,Annual,895.0,14.0,1.0
299264.0,43.0,Male,8.0,2.0,1.0,6.0,Premium,Quarterly,773.81,29.0,0.0
393042.0,41.0,Male,40.0,15.0,1.0,17.0,Premium,Quarterly,939.36,22.0,0.0
431061.0,30.0,Male,27.0,22.0,1.0,16.0,Standard,Quarterly,917.81,14.0,0.0
134461.0,26.0,Male,13.0,10.0,0.0,4.0,Standard,Monthly,683.0,28.0,1.0
146758.0,47.0,Male,24.0,19.0,3.0,21.0,Premium,Monthly,829.0,23.0,1.0
312588.0,42.0,Male,24.0,12.0,4.0,17.0,Basic,Annual,758.97,15.0,0.0
296874.0,32.0,Male,3.0,2.0,2.0,15.0,Standard,Quarterly,744.27,26.0,0.0
235996.0,53.0,Female,22.0,13.0,3.0,23.0,Standard,Quarterly,223.76,3.0,1.0
365783.0,49.0,Male,20.0,25.0,2.0,5.0,Basic,Quarterly,575.26,6.0,0.0
259746.0,31.0,Female,35.0,26.0,0.0,8.0,Standard,Annual,689.08,17.0,1.0
429254.0,47.0,Male,36.0,2.0,3.0,4.0,Standard,Annual,961.19,22.0,0.0
258105.0,58.0,Male,55.0,24.0,3.0,15.0,Premium,Annual,680.67,8.0,1.0
417993.0,40.0,Female,35.0,9.0,2.0,20.0,Basic,Annual,846.3,8.0,0.0
431074.0,36.0,Female,10.0,6.0,2.0,5.0,Premium,Quarterly,800.48,2.0,0.0
206816.0,58.0,Female,30.0,10.0,10.0,25.0,Premium,Quarterly,771.09,28.0,1.0
270627.0,42.0,Male,40.0,15.0,4.0,19.0,Standard,Quarterly,976.55,7.0,0.0
313001.0,38.0,Male,52.0,28.0,3.0,13.0,Premium,Annual,755.63,29.0,0.0
222183.0,53.0,Male,50.0,9.0,0.0,26.0,Basic,Monthly,466.34,26.0,1.0
87773.0,41.0,Female,37.0,1.0,3.0,4.0,Standard,Quarterly,701.0,29.0,1.0
354033.0,25.0,Male,49.0,28.0,1.0,13.0,Basic,Quarterly,779.23,7.0,0.0
341195.0,31.0,Male,30.0,29.0,0.0,13.0,Basic,Annual,642.71,27.0,0.0
69496.0,54.0,Male,48.0,3.0,10.0,16.0,Premium,Quarterly,744.0,5.0,1.0
67546.0,46.0,Male,9.0,3.0,5.0,17.0,Standard,Monthly,581.0,26.0,1.0
173465.0,22.0,Female,29.0,19.0,4.0,17.0,Premium,Monthly,539.0,9.0,1.0
446988.0,32.0,Male,6.0,7.0,3.0,12.0,Standard,Quarterly,806.51,30.0,0.0
266102.0,21.0,Female,29.0,5.0,0.0,14.0,Standard,Annual,803.05,7.0,0.0
406303.0,44.0,Female,1.0,14.0,3.0,17.0,Premium,Quarterly,639.1,6.0,0.0
393047.0,29.0,Male,18.0,21.0,0.0,19.0,Standard,Quarterly,616.76,19.0,0.0
369154.0,29.0,Female,49.0,22.0,1.0,10.0,Premium,Annual,619.8,2.0,0.0
94456.0,25.0,Female,40.0,27.0,3.0,8.0,Premium,Monthly,440.0,30.0,1.0
424994.0,48.0,Male,52.0,12.0,2.0,5.0,Basic,Quarterly,878.84,10.0,0.0
363318.0,44.0,Male,17.0,30.0,4.0,4.0,Standard,Quarterly,740.63,3.0,0.0
296306.0,23.0,Male,19.0,18.0,0.0,9.0,Standard,Annual,731.28,25.0,0.0
378084.0,42.0,Female,13.0,25.0,2.0,20.0,Basic,Annual,524.07,1.0,0.0
435851.0,43.0,Male,22.0,13.0,2.0,9.0,Basic,Annual,616.37,13.0,0.0
274518.0,48.0,Male,7.0,16.0,4.0,9.0,Standard,Quarterly,510.66,6.0,0.0
348188.0,37.0,Male,53.0,7.0,1.0,13.0,Premium,Annual,966.58,21.0,0.0
57390.0,19.0,Male,42.0,2.0,2.0,22.0,Premium,Monthly,539.0,10.0,1.0
906.0,65.0,Female,38.0,27.0,3.0,18.0,Premium,Quarterly,999.0,15.0,1.0
120425.0,26.0,Male,2.0,23.0,3.0,0.0,Basic,Annual,397.0,30.0,1.0
327290.0,23.0,Female,36.0,10.0,1.0,10.0,Premium,Annual,790.13,8.0,0.0
187220.0,29.0,Male,50.0,17.0,8.0,13.0,Basic,Annual,563.0,19.0,1.0
123854.0,33.0,Male,8.0,5.0,5.0,24.0,Basic,Monthly,218.0,3.0,1.0
51070.0,56.0,Female,6.0,27.0,2.0,22.0,Premium,Quarterly,972.0,15.0,1.0
159768.0,42.0,Female,51.0,7.0,2.0,14.0,Standard,Quarterly,347.0,1.0,1.0
298569.0,37.0,Female,26.0,28.0,3.0,4.0,Basic,Quarterly,541.04,9.0,0.0
170805.0,18.0,Female,7.0,14.0,8.0,5.0,Premium,Annual,898.0,22.0,1.0
110466.0,37.0,Male,41.0,19.0,8.0,13.0,Standard,Annual,794.0,8.0,1.0
339226.0,50.0,Male,50.0,9.0,5.0,13.0,Standard,Annual,855.94,1.0,0.0
26904.0,60.0,Male,21.0,7.0,8.0,7.0,Basic,Monthly,975.0,1.0,1.0
67101.0,26.0,Male,11.0,18.0,9.0,30.0,Basic,Monthly,452.0,29.0,1.0
404659.0,31.0,Male,44.0,27.0,2.0,5.0,Basic,Quarterly,949.45,23.0,0.0
438088.0,36.0,Female,31.0,30.0,3.0,17.0,Basic,Quarterly,516.24,3.0,0.0
434242.0,42.0,Male,39.0,13.0,1.0,0.0,Standard,Quarterly,872.07,24.0,0.0
329194.0,31.0,Female,27.0,24.0,1.0,8.0,Standard,Annual,774.83,12.0,0.0
339264.0,24.0,Male,57.0,7.0,2.0,17.0,Premium,Annual,798.44,21.0,0.0
375652.0,39.0,Male,20.0,11.0,0.0,4.0,Standard,Annual,613.94,10.0,0.0
442656.0,45.0,Male,53.0,29.0,3.0,14.0,Basic,Quarterly,820.81,25.0,0.0
239552.0,61.0,Male,29.0,4.0,0.0,10.0,Standard,Quarterly,818.28,16.0,1.0
259239.0,64.0,Male,33.0,7.0,3.0,17.0,Basic,Annual,787.93,1.0,1.0
399692.0,44.0,Male,55.0,22.0,3.0,18.0,Basic,Annual,959.0,2.0,0.0
379062.0,36.0,Male,46.0,6.0,1.0,10.0,Basic,Quarterly,778.3,29.0,0.0
53228.0,20.0,Female,47.0,19.0,5.0,3.0,Premium,Monthly,233.0,18.0,1.0
281750.0,48.0,Male,22.0,10.0,2.0,17.0,Premium,Quarterly,783.12,8.0,0.0
249997.0,28.0,Male,56.0,15.0,5.0,29.0,Premium,Annual,198.15,14.0,1.0
376484.0,30.0,Male,42.0,6.0,0.0,1.0,Premium,Quarterly,729.48,28.0,0.0
231729.0,57.0,Female,35.0,29.0,5.0,18.0,Basic,Quarterly,210.91,9.0,1.0
16445.0,21.0,Female,34.0,18.0,3.0,25.0,Premium,Annual,219.0,14.0,1.0
243932.0,23.0,Female,18.0,27.0,2.0,18.0,Basic,Annual,434.23,7.0,1.0
388175.0,29.0,Male,51.0,16.0,0.0,11.0,Standard,Quarterly,627.5,21.0,0.0
339578.0,38.0,Female,1.0,14.0,2.0,19.0,Premium,Quarterly,602.64,7.0,0.0
335769.0,37.0,Male,42.0,19.0,1.0,18.0,Premium,Quarterly,745.85,5.0,0.0
211413.0,38.0,Female,30.0,2.0,3.0,11.0,Basic,Monthly,151.04,17.0,1.0
277620.0,40.0,Female,24.0,28.0,3.0,4.0,Basic,Quarterly,731.77,13.0,0.0
101620.0,24.0,Female,16.0,11.0,9.0,26.0,Standard,Monthly,721.0,12.0,1.0
21451.0,45.0,Male,1.0,13.0,4.0,10.0,Premium,Quarterly,149.0,23.0,1.0
306172.0,49.0,Female,54.0,10.0,0.0,11.0,Basic,Annual,792.85,2.0,0.0
229839.0,46.0,Female,43.0,5.0,7.0,27.0,Basic,Annual,881.06,17.0,1.0
384559.0,33.0,Male,39.0,10.0,0.0,18.0,Premium,Annual,923.99,15.0,0.0
400966.0,49.0,Male,4.0,27.0,1.0,20.0,Premium,Annual,777.71,12.0,0.0
46426.0,63.0,Female,48.0,13.0,0.0,8.0,Premium,Annual,135.0,15.0,1.0
270950.0,43.0,Male,16.0,29.0,3.0,20.0,Standard,Quarterly,614.38,6.0,0.0
236215.0,63.0,Female,41.0,20.0,6.0,30.0,Premium,Annual,704.51,18.0,1.0
384193.0,50.0,Male,48.0,25.0,5.0,16.0,Premium,Annual,705.69,12.0,0.0
173999.0,24.0,Female,46.0,24.0,10.0,30.0,Premium,Quarterly,135.0,7.0,1.0
253928.0,47.0,Female,34.0,14.0,7.0,22.0,Standard,Quarterly,225.76,12.0,1.0
392119.0,47.0,Male,5.0,26.0,1.0,14.0,Premium,Annual,975.11,15.0,0.0
223172.0,61.0,Female,14.0,6.0,4.0,17.0,Standard,Annual,696.87,22.0,1.0
297438.0,49.0,Female,29.0,13.0,4.0,1.0,Basic,Quarterly,601.02,7.0,0.0
275137.0,40.0,Male,37.0,1.0,3.0,11.0,Standard,Quarterly,912.24,18.0,0.0
184541.0,48.0,Male,23.0,23.0,9.0,27.0,Standard,Monthly,146.0,28.0,1.0
139288.0,21.0,Male,10.0,23.0,8.0,21.0,Premium,Annual,349.0,2.0,1.0
296687.0,44.0,Male,55.0,28.0,4.0,10.0,Standard,Annual,998.25,27.0,0.0
118088.0,37.0,Female,8.0,12.0,6.0,2.0,Standard,Quarterly,798.0,26.0,1.0
210229.0,61.0,Female,40.0,20.0,4.0,1.0,Basic,Annual,692.16,28.0,1.0
441294.0,49.0,Male,3.0,28.0,3.0,18.0,Premium,Annual,593.84,2.0,0.0
12515.0,65.0,Female,15.0,26.0,1.0,0.0,Premium,Quarterly,405.0,24.0,1.0
77769.0,32.0,Male,1.0,9.0,3.0,15.0,Standard,Annual,166.0,6.0,1.0
152657.0,27.0,Female,56.0,22.0,2.0,26.0,Premium,Annual,663.0,19.0,1.0
415556.0,37.0,Male,8.0,12.0,3.0,14.0,Basic,Annual,569.27,30.0,0.0
41292.0,21.0,Female,38.0,27.0,4.0,24.0,Basic,Annual,856.0,24.0,1.0
24015.0,19.0,Female,50.0,3.0,8.0,20.0,Premium,Quarterly,449.0,24.0,1.0
346508.0,41.0,Male,14.0,26.0,3.0,3.0,Basic,Quarterly,854.19,22.0,0.0
43899.0,30.0,Female,7.0,5.0,1.0,15.0,Basic,Quarterly,496.0,14.0,1.0
9794.0,39.0,Male,52.0,29.0,6.0,25.0,Premium,Annual,171.0,29.0,1.0
360167.0,30.0,Female,16.0,29.0,1.0,0.0,Premium,Quarterly,710.21,5.0,0.0
426147.0,21.0,Female,18.0,18.0,2.0,15.0,Premium,Annual,700.95,9.0,0.0
217857.0,47.0,Female,26.0,17.0,10.0,17.0,Standard,Quarterly,704.95,10.0,1.0
367841.0,34.0,Male,56.0,3.0,0.0,12.0,Premium,Annual,929.29,21.0,0.0
415970.0,42.0,Female,12.0,24.0,4.0,2.0,Standard,Annual,916.53,2.0,0.0
80792.0,23.0,Female,44.0,8.0,2.0,3.0,Standard,Annual,423.0,24.0,1.0
328602.0,35.0,Male,42.0,7.0,0.0,6.0,Standard,Quarterly,945.32,30.0,0.0
237543.0,23.0,Male,56.0,11.0,4.0,5.0,Standard,Monthly,542.69,22.0,1.0
27142.0,63.0,Male,47.0,24.0,9.0,4.0,Standard,Annual,874.0,25.0,1.0
356933.0,33.0,Female,31.0,23.0,3.0,10.0,Basic,Quarterly,804.8,1.0,0.0
30440.0,50.0,Male,38.0,24.0,7.0,18.0,Basic,Annual,275.0,19.0,1.0
265918.0,23.0,Male,54.0,22.0,2.0,15.0,Basic,Annual,788.44,19.0,0.0
68248.0,40.0,Male,58.0,4.0,9.0,9.0,Standard,Monthly,470.0,16.0,1.0
315035.0,42.0,Male,33.0,5.0,0.0,12.0,Premium,Quarterly,604.58,12.0,0.0
299119.0,32.0,Male,35.0,4.0,0.0,15.0,Standard,Quarterly,846.56,29.0,0.0
292376.0,28.0,Male,42.0,30.0,0.0,14.0,Premium,Quarterly,814.02,10.0,0.0
288583.0,49.0,Male,30.0,27.0,1.0,11.0,Basic,Annual,685.16,15.0,0.0
182375.0,18.0,Female,20.0,25.0,1.0,8.0,Basic,Monthly,144.0,11.0,1.0
354062.0,44.0,Male,10.0,16.0,1.0,4.0,Premium,Annual,896.3,30.0,0.0
220200.0,48.0,Female,44.0,9.0,6.0,25.0,Premium,Monthly,691.29,13.0,1.0
414657.0,42.0,Female,56.0,18.0,4.0,7.0,Standard,Annual,949.45,6.0,0.0
404925.0,45.0,Female,34.0,28.0,4.0,19.0,Standard,Quarterly,941.5,6.0,0.0
340525.0,37.0,Female,23.0,28.0,1.0,2.0,Premium,Quarterly,601.84,13.0,0.0
24617.0,19.0,Male,46.0,14.0,4.0,9.0,Premium,Quarterly,954.0,28.0,1.0
